task_id,airfoil,solver_type,mesh_config,boundary_condition_config,priority,priority_score,reason,selection_source,kulfan_upper_weights_0,kulfan_upper_weights_1,kulfan_upper_weights_2,kulfan_upper_weights_3,kulfan_upper_weights_4,kulfan_upper_weights_5,kulfan_upper_weights_6,kulfan_upper_weights_7,kulfan_lower_weights_0,kulfan_lower_weights_1,kulfan_lower_weights_2,kulfan_lower_weights_3,kulfan_lower_weights_4,kulfan_lower_weights_5,kulfan_lower_weights_6,kulfan_lower_weights_7,leading_edge_weight,TE_thickness,alpha,Re,Mach,C_mu,x_jet,theta_jet
afc_lhs_00000,afc_lhs_00000_kulfan,SU2_RANS,"{""chordwise_points"": 321, ""family"": ""c_grid_placeholder"", ""normal_layers"": 128, ""note"": ""placeholder_mesh_recipe_for_future_batch_cfd"", ""target_y_plus"": 1.0}","{""actuation"": ""specified_by_C_mu_x_jet_theta_jet"", ""freestream"": ""specified_by_alpha_Re_Mach"", ""transition"": ""placeholder_user_pipeline_choice""}",1,1.0,LHS初始采样,lhs_initial,0.2593266032688985,0.2273443773143638,0.2606445849659313,0.1915211861139215,0.2472276968373567,0.1895640050889689,0.2188468382378518,0.2087994213685778,-0.2593266032688978,-0.2273443773143656,-0.2606445849659272,-0.1915211861139278,-0.2472276968373516,-0.1895640050889722,-0.2188468382378506,-0.208799421368578,3.2271094574302454e-16,0.0038218495999859,17.302318237752903,437121.2520859735,0.06882253250307459,0.006219631746775653,0.11331560540939994,31.720743044356862
afc_lhs_00001,afc_lhs_00001_kulfan,SU2_RANS,"{""chordwise_points"": 321, ""family"": ""c_grid_placeholder"", ""normal_layers"": 128, ""note"": ""placeholder_mesh_recipe_for_future_batch_cfd"", ""target_y_plus"": 1.0}","{""actuation"": ""specified_by_C_mu_x_jet_theta_jet"", ""freestream"": ""specified_by_alpha_Re_Mach"", ""transition"": ""placeholder_user_pipeline_choice""}",2,1.0,LHS初始采样,lhs_initial,0.2593266032688985,0.2273443773143638,0.2606445849659313,0.1915211861139215,0.2472276968373567,0.1895640050889689,0.2188468382378518,0.2087994213685778,-0.2593266032688978,-0.2273443773143656,-0.2606445849659272,-0.1915211861139278,-0.2472276968373516,-0.1895640050889722,-0.2188468382378506,-0.208799421368578,3.2271094574302454e-16,0.0038218495999859,13.19849045521494,524284.85178228724,0.02659985655242195,0.11582757294823058,0.10010928119995306,28.30295145173921
afc_lhs_00002,afc_lhs_00002_kulfan,SU2_RANS,"{""chordwise_points"": 321, ""family"": ""c_grid_placeholder"", ""normal_layers"": 128, ""note"": ""placeholder_mesh_recipe_for_future_batch_cfd"", ""target_y_plus"": 1.0}","{""actuation"": ""specified_by_C_mu_x_jet_theta_jet"", ""freestream"": ""specified_by_alpha_Re_Mach"", ""transition"": ""placeholder_user_pipeline_choice""}",3,1.0,LHS初始采样,lhs_initial,0.2593266032688985,0.2273443773143638,0.2606445849659313,0.1915211861139215,0.2472276968373567,0.1895640050889689,0.2188468382378518,0.2087994213685778,-0.2593266032688978,-0.2273443773143656,-0.2606445849659272,-0.1915211861139278,-0.2472276968373516,-0.1895640050889722,-0.2188468382378506,-0.208799421368578,3.2271094574302454e-16,0.0038218495999859,-0.8120491016226214,367379.398069112,0.10330558815163933,0.09902098686855126,0.09687982240015787,36.28005953078217
afc_lhs_00003,afc_lhs_00003_kulfan,SU2_RANS,"{""chordwise_points"": 321, ""family"": ""c_grid_placeholder"", ""normal_layers"": 128, ""note"": ""placeholder_mesh_recipe_for_future_batch_cfd"", ""target_y_plus"": 1.0}","{""actuation"": ""specified_by_C_mu_x_jet_theta_jet"", ""freestream"": ""specified_by_alpha_Re_Mach"", ""transition"": ""placeholder_user_pipeline_choice""}",4,1.0,LHS初始采样,lhs_initial,0.2593266032688985,0.2273443773143638,0.2606445849659313,0.1915211861139215,0.2472276968373567,0.1895640050889689,0.2188468382378518,0.2087994213685778,-0.2593266032688978,-0.2273443773143656,-0.2606445849659272,-0.1915211861139278,-0.2472276968373516,-0.1895640050889722,-0.2188468382378506,-0.208799421368578,3.2271094574302454e-16,0.0038218495999859,14.969436478572472,313909.74941317225,0.07556146594586588,0.023860226079131477,0.09137342505401155,23.95653978275853
afc_lhs_00004,afc_lhs_00004_kulfan,SU2_RANS,"{""chordwise_points"": 321, ""family"": ""c_grid_placeholder"", ""normal_layers"": 128, ""note"": ""placeholder_mesh_recipe_for_future_batch_cfd"", ""target_y_plus"": 1.0}","{""actuation"": ""specified_by_C_mu_x_jet_theta_jet"", ""freestream"": ""specified_by_alpha_Re_Mach"", ""transition"": ""placeholder_user_pipeline_choice""}",5,1.0,LHS初始采样,lhs_initial,0.2593266032688985,0.2273443773143638,0.2606445849659313,0.1915211861139215,0.2472276968373567,0.1895640050889689,0.2188468382378518,0.2087994213685778,-0.2593266032688978,-0.2273443773143656,-0.2606445849659272,-0.1915211861139278,-0.2472276968373516,-0.1895640050889722,-0.2188468382378506,-0.208799421368578,3.2271094574302454e-16,0.0038218495999859,10.57823785807294,170426.09395739675,0.021713228360358692,0.09044481133532857,0.0828112279932194,26.252703422246128
afc_lhs_00005,afc_lhs_00005_kulfan,SU2_RANS,"{""chordwise_points"": 321, ""family"": ""c_grid_placeholder"", ""normal_layers"": 128, ""note"": ""placeholder_mesh_recipe_for_future_batch_cfd"", ""target_y_plus"": 1.0}","{""actuation"": ""specified_by_C_mu_x_jet_theta_jet"", ""freestream"": ""specified_by_alpha_Re_Mach"", ""transition"": ""placeholder_user_pipeline_choice""}",6,1.0,LHS初始采样,lhs_initial,0.2593266032688985,0.2273443773143638,0.2606445849659313,0.1915211861139215,0.2472276968373567,0.1895640050889689,0.2188468382378518,0.2087994213685778,-0.2593266032688978,-0.2273443773143656,-0.2606445849659272,-0.1915211861139278,-0.2472276968373516,-0.1895640050889722,-0.2188468382378506,-0.208799421368578,3.2271094574302454e-16,0.0038218495999859,0.909918151390217,291962.7953452775,0.08952950205726373,0.06630262290771795,0.08470457313035124,34.345881006587604
afc_lhs_00006,afc_lhs_00006_kulfan,SU2_RANS,"{""chordwise_points"": 321, ""family"": ""c_grid_placeholder"", ""normal_layers"": 128, ""note"": ""placeholder_mesh_recipe_for_future_batch_cfd"", ""target_y_plus"": 1.0}","{""actuation"": ""specified_by_C_mu_x_jet_theta_jet"", ""freestream"": ""specified_by_alpha_Re_Mach"", ""transition"": ""placeholder_user_pipeline_choice""}",7,1.0,LHS初始采样,lhs_initial,0.2593266032688985,0.2273443773143638,0.2606445849659313,0.1915211861139215,0.2472276968373567,0.1895640050889689,0.2188468382378518,0.2087994213685778,-0.2593266032688978,-0.2273443773143656,-0.2606445849659272,-0.1915211861139278,-0.2472276968373516,-0.1895640050889722,-0.2188468382378506,-0.208799421368578,3.2271094574302454e-16,0.0038218495999859,9.352974902696367,216082.8455199519,0.03725904275969415,0.07730586599863006,0.11122586662352574,20.606483362942157
afc_lhs_00007,afc_lhs_00007_kulfan,SU2_RANS,"{""chordwise_points"": 321, ""family"": ""c_grid_placeholder"", ""normal_layers"": 128, ""note"": ""placeholder_mesh_recipe_for_future_batch_cfd"", ""target_y_plus"": 1.0}","{""actuation"": ""specified_by_C_mu_x_jet_theta_jet"", ""freestream"": ""specified_by_alpha_Re_Mach"", ""transition"": ""placeholder_user_pipeline_choice""}",8,1.0,LHS初始采样,lhs_initial,0.2593266032688985,0.2273443773143638,0.2606445849659313,0.1915211861139215,0.2472276968373567,0.1895640050889689,0.2188468382378518,0.2087994213685778,-0.2593266032688978,-0.2273443773143656,-0.2606445849659272,-0.1915211861139278,-0.2472276968373516,-0.1895640050889722,-0.2188468382378506,-0.208799421368578,3.2271094574302454e-16,0.0038218495999859,3.7430277755060537,398089.13535350026,0.10881904112344835,0.026250612699368295,0.09399332022810408,24.501962343248806
afc_lhs_00008,afc_lhs_00008_kulfan,SU2_RANS,"{""chordwise_points"": 321, ""family"": ""c_grid_placeholder"", ""normal_layers"": 128, ""note"": ""placeholder_mesh_recipe_for_future_batch_cfd"", ""target_y_plus"": 1.0}","{""actuation"": ""specified_by_C_mu_x_jet_theta_jet"", ""freestream"": ""specified_by_alpha_Re_Mach"", ""transition"": ""placeholder_user_pipeline_choice""}",9,1.0,LHS初始采样,lhs_initial,0.2593266032688985,0.2273443773143638,0.2606445849659313,0.1915211861139215,0.2472276968373567,0.1895640050889689,0.2188468382378518,0.2087994213685778,-0.2593266032688978,-0.2273443773143656,-0.2606445849659272,-0.1915211861139278,-0.2472276968373516,-0.1895640050889722,-0.2188468382378506,-0.208799421368578,3.2271094574302454e-16,0.0038218495999859,5.628776775097299,481727.0400386825,0.05083503496684557,0.05460584133131186,0.10671098497831953,38.771468404031644
afc_lhs_00009,afc_lhs_00009_kulfan,SU2_RANS,"{""chordwise_points"": 321, ""family"": ""c_grid_placeholder"", ""normal_layers"": 128, ""note"": ""placeholder_mesh_recipe_for_future_batch_cfd"", ""target_y_plus"": 1.0}","{""actuation"": ""specified_by_C_mu_x_jet_theta_jet"", ""freestream"": ""specified_by_alpha_Re_Mach"", ""transition"": ""placeholder_user_pipeline_choice""}",10,1.0,LHS初始采样,lhs_initial,0.2593266032688985,0.2273443773143638,0.2606445849659313,0.1915211861139215,0.2472276968373567,0.1895640050889689,0.2188468382378518,0.2087994213685778,-0.2593266032688978,-0.2273443773143656,-0.2606445849659272,-0.1915211861139278,-0.2472276968373516,-0.1895640050889722,-0.2188468382378506,-0.208799421368578,3.2271094574302454e-16,0.0038218495999859,7.056483700397189,142837.54236208607,0.00916490629845173,0.04067520608703797,0.11972138436262543,33.776862012868264
afc_al_00000,afc_al_00000_kulfan,SU2_RANS,"{""chordwise_points"": 321, ""family"": ""c_grid_placeholder"", ""normal_layers"": 128, ""note"": ""placeholder_mesh_recipe_for_future_batch_cfd"", ""target_y_plus"": 1.0}","{""actuation"": ""specified_by_C_mu_x_jet_theta_jet"", ""freestream"": ""specified_by_alpha_Re_Mach"", ""transition"": ""placeholder_user_pipeline_choice""}",11,,OOD稀疏区域,active_learning,0.2593266032688985,0.2273443773143638,0.2606445849659313,0.1915211861139215,0.2472276968373567,0.1895640050889689,0.2188468382378518,0.2087994213685778,-0.2593266032688978,-0.2273443773143656,-0.2606445849659272,-0.1915211861139278,-0.2472276968373516,-0.1895640050889722,-0.2188468382378506,-0.208799421368578,3.2271094574302454e-16,0.0038218495999859,5.848596947256184,238120.95120850933,0.09146816536394889,0.030242036933616677,0.10304378255775314,38.122844093252226
afc_al_00001,afc_al_00001_kulfan,SU2_RANS,"{""chordwise_points"": 321, ""family"": ""c_grid_placeholder"", ""normal_layers"": 128, ""note"": ""placeholder_mesh_recipe_for_future_batch_cfd"", ""target_y_plus"": 1.0}","{""actuation"": ""specified_by_C_mu_x_jet_theta_jet"", ""freestream"": ""specified_by_alpha_Re_Mach"", ""transition"": ""placeholder_user_pipeline_choice""}",12,,OOD稀疏区域,active_learning,0.2593266032688985,0.2273443773143638,0.2606445849659313,0.1915211861139215,0.2472276968373567,0.1895640050889689,0.2188468382378518,0.2087994213685778,-0.2593266032688978,-0.2273443773143656,-0.2606445849659272,-0.1915211861139278,-0.2472276968373516,-0.1895640050889722,-0.2188468382378506,-0.208799421368578,3.2271094574302454e-16,0.0038218495999859,12.9001960517426,281764.96716686187,0.08642740982883874,0.10713349590102443,0.08375022370877887,31.536233198841956
afc_al_00002,afc_al_00002_kulfan,SU2_RANS,"{""chordwise_points"": 321, ""family"": ""c_grid_placeholder"", ""normal_layers"": 128, ""note"": ""placeholder_mesh_recipe_for_future_batch_cfd"", ""target_y_plus"": 1.0}","{""actuation"": ""specified_by_C_mu_x_jet_theta_jet"", ""freestream"": ""specified_by_alpha_Re_Mach"", ""transition"": ""placeholder_user_pipeline_choice""}",13,,OOD稀疏区域,active_learning,0.2593266032688985,0.2273443773143638,0.2606445849659313,0.1915211861139215,0.2472276968373567,0.1895640050889689,0.2188468382378518,0.2087994213685778,-0.2593266032688978,-0.2273443773143656,-0.2606445849659272,-0.1915211861139278,-0.2472276968373516,-0.1895640050889722,-0.2188468382378506,-0.208799421368578,3.2271094574302454e-16,0.0038218495999859,17.228621143585713,454112.8190299021,0.0683868157879661,0.00919777702404429,0.09797176473521016,33.146330028973644
afc_al_00003,afc_al_00003_kulfan,SU2_RANS,"{""chordwise_points"": 321, ""family"": ""c_grid_placeholder"", ""normal_layers"": 128, ""note"": ""placeholder_mesh_recipe_for_future_batch_cfd"", ""target_y_plus"": 1.0}","{""actuation"": ""specified_by_C_mu_x_jet_theta_jet"", ""freestream"": ""specified_by_alpha_Re_Mach"", ""transition"": ""placeholder_user_pipeline_choice""}",14,,OOD稀疏区域,active_learning,0.2593266032688985,0.2273443773143638,0.2606445849659313,0.1915211861139215,0.2472276968373567,0.1895640050889689,0.2188468382378518,0.2087994213685778,-0.2593266032688978,-0.2273443773143656,-0.2606445849659272,-0.1915211861139278,-0.2472276968373516,-0.1895640050889722,-0.2188468382378506,-0.208799421368578,3.2271094574302454e-16,0.0038218495999859,13.060147040033625,198693.22172511078,0.10271237052314028,0.05451002421496519,0.1098549016281708,36.91873536275424
afc_al_00004,afc_al_00004_kulfan,SU2_RANS,"{""chordwise_points"": 321, ""family"": ""c_grid_placeholder"", ""normal_layers"": 128, ""note"": ""placeholder_mesh_recipe_for_future_batch_cfd"", ""target_y_plus"": 1.0}","{""actuation"": ""specified_by_C_mu_x_jet_theta_jet"", ""freestream"": ""specified_by_alpha_Re_Mach"", ""transition"": ""placeholder_user_pipeline_choice""}",15,,OOD稀疏区域,active_learning,0.2593266032688985,0.2273443773143638,0.2606445849659313,0.1915211861139215,0.2472276968373567,0.1895640050889689,0.2188468382378518,0.2087994213685778,-0.2593266032688978,-0.2273443773143656,-0.2606445849659272,-0.1915211861139278,-0.2472276968373516,-0.1895640050889722,-0.2188468382378506,-0.208799421368578,3.2271094574302454e-16,0.0038218495999859,9.705661130446483,327992.059249233,0.0664587815969801,0.03851918205275887,0.09977817362353346,26.044252535275316
afc_al_00005,afc_al_00005_kulfan,SU2_RANS,"{""chordwise_points"": 321, ""family"": ""c_grid_placeholder"", ""normal_layers"": 128, ""note"": ""placeholder_mesh_recipe_for_future_batch_cfd"", ""target_y_plus"": 1.0}","{""actuation"": ""specified_by_C_mu_x_jet_theta_jet"", ""freestream"": ""specified_by_alpha_Re_Mach"", ""transition"": ""placeholder_user_pipeline_choice""}",16,,OOD稀疏区域,active_learning,0.2593266032688985,0.2273443773143638,0.2606445849659313,0.1915211861139215,0.2472276968373567,0.1895640050889689,0.2188468382378518,0.2087994213685778,-0.2593266032688978,-0.2273443773143656,-0.2606445849659272,-0.1915211861139278,-0.2472276968373516,-0.1895640050889722,-0.2188468382378506,-0.208799421368578,3.2271094574302454e-16,0.0038218495999859,-1.5191228537866786,527105.197987263,0.08955067903366092,0.0991513387200925,0.10955279976906243,30.990852957933996
afc_al_00006,afc_al_00006_kulfan,SU2_RANS,"{""chordwise_points"": 321, ""family"": ""c_grid_placeholder"", ""normal_layers"": 128, ""note"": ""placeholder_mesh_recipe_for_future_batch_cfd"", ""target_y_plus"": 1.0}","{""actuation"": ""specified_by_C_mu_x_jet_theta_jet"", ""freestream"": ""specified_by_alpha_Re_Mach"", ""transition"": ""placeholder_user_pipeline_choice""}",17,,OOD稀疏区域,active_learning,0.2593266032688985,0.2273443773143638,0.2606445849659313,0.1915211861139215,0.2472276968373567,0.1895640050889689,0.2188468382378518,0.2087994213685778,-0.2593266032688978,-0.2273443773143656,-0.2606445849659272,-0.1915211861139278,-0.2472276968373516,-0.1895640050889722,-0.2188468382378506,-0.208799421368578,3.2271094574302454e-16,0.0038218495999859,10.81190501827762,235120.00422391476,0.11103963541977704,0.09112685113183776,0.10627957710139271,37.52324324250775
afc_al_00007,afc_al_00007_kulfan,SU2_RANS,"{""chordwise_points"": 321, ""family"": ""c_grid_placeholder"", ""normal_layers"": 128, ""note"": ""placeholder_mesh_recipe_for_future_batch_cfd"", ""target_y_plus"": 1.0}","{""actuation"": ""specified_by_C_mu_x_jet_theta_jet"", ""freestream"": ""specified_by_alpha_Re_Mach"", ""transition"": ""placeholder_user_pipeline_choice""}",18,,OOD稀疏区域,active_learning,0.2593266032688985,0.2273443773143638,0.2606445849659313,0.1915211861139215,0.2472276968373567,0.1895640050889689,0.2188468382378518,0.2087994213685778,-0.2593266032688978,-0.2273443773143656,-0.2606445849659272,-0.1915211861139278,-0.2472276968373516,-0.1895640050889722,-0.2188468382378506,-0.208799421368578,3.2271094574302454e-16,0.0038218495999859,1.2602328190369452,196509.21046618128,0.031790508027542186,0.01175414146184761,0.08901657922914268,38.82538656247923
afc_al_00008,afc_al_00008_kulfan,SU2_RANS,"{""chordwise_points"": 321, ""family"": ""c_grid_placeholder"", ""normal_layers"": 128, ""note"": ""placeholder_mesh_recipe_for_future_batch_cfd"", ""target_y_plus"": 1.0}","{""actuation"": ""specified_by_C_mu_x_jet_theta_jet"", ""freestream"": ""specified_by_alpha_Re_Mach"", ""transition"": ""placeholder_user_pipeline_choice""}",19,,OOD稀疏区域,active_learning,0.2593266032688985,0.2273443773143638,0.2606445849659313,0.1915211861139215,0.2472276968373567,0.1895640050889689,0.2188468382378518,0.2087994213685778,-0.2593266032688978,-0.2273443773143656,-0.2606445849659272,-0.1915211861139278,-0.2472276968373516,-0.1895640050889722,-0.2188468382378506,-0.208799421368578,3.2271094574302454e-16,0.0038218495999859,15.345399563102799,469200.29431514064,0.005930445023300233,0.0018131861877873497,0.08522936454604164,27.76663069055487
afc_al_00009,afc_al_00009_kulfan,SU2_RANS,"{""chordwise_points"": 321, ""family"": ""c_grid_placeholder"", ""normal_layers"": 128, ""note"": ""placeholder_mesh_recipe_for_future_batch_cfd"", ""target_y_plus"": 1.0}","{""actuation"": ""specified_by_C_mu_x_jet_theta_jet"", ""freestream"": ""specified_by_alpha_Re_Mach"", ""transition"": ""placeholder_user_pipeline_choice""}",20,,OOD稀疏区域,active_learning,0.2593266032688985,0.2273443773143638,0.2606445849659313,0.1915211861139215,0.2472276968373567,0.1895640050889689,0.2188468382378518,0.2087994213685778,-0.2593266032688978,-0.2273443773143656,-0.2606445849659272,-0.1915211861139278,-0.2472276968373516,-0.1895640050889722,-0.2188468382378506,-0.208799421368578,3.2271094574302454e-16,0.0038218495999859,8.657608142303104,264042.1127846212,0.09748746671179132,0.021046683911374268,0.09085368696309398,39.77588343123375
afc_al_00010,afc_al_00010_kulfan,SU2_RANS,"{""chordwise_points"": 321, ""family"": ""c_grid_placeholder"", ""normal_layers"": 128, ""note"": ""placeholder_mesh_recipe_for_future_batch_cfd"", ""target_y_plus"": 1.0}","{""actuation"": ""specified_by_C_mu_x_jet_theta_jet"", ""freestream"": ""specified_by_alpha_Re_Mach"", ""transition"": ""placeholder_user_pipeline_choice""}",21,,OOD稀疏区域,active_learning,0.2593266032688985,0.2273443773143638,0.2606445849659313,0.1915211861139215,0.2472276968373567,0.1895640050889689,0.2188468382378518,0.2087994213685778,-0.2593266032688978,-0.2273443773143656,-0.2606445849659272,-0.1915211861139278,-0.2472276968373516,-0.1895640050889722,-0.2188468382378506,-0.208799421368578,3.2271094574302454e-16,0.0038218495999859,0.3049039470418893,392718.6938364667,0.10577111908379673,0.0745941333260134,0.10611547674782539,31.170748021413658
afc_al_00011,afc_al_00011_kulfan,SU2_RANS,"{""chordwise_points"": 321, ""family"": ""c_grid_placeholder"", ""normal_layers"": 128, ""note"": ""placeholder_mesh_recipe_for_future_batch_cfd"", ""target_y_plus"": 1.0}","{""actuation"": ""specified_by_C_mu_x_jet_theta_jet"", ""freestream"": ""specified_by_alpha_Re_Mach"", ""transition"": ""placeholder_user_pipeline_choice""}",22,,OOD稀疏区域,active_learning,0.2593266032688985,0.2273443773143638,0.2606445849659313,0.1915211861139215,0.2472276968373567,0.1895640050889689,0.2188468382378518,0.2087994213685778,-0.2593266032688978,-0.2273443773143656,-0.2606445849659272,-0.1915211861139278,-0.2472276968373516,-0.1895640050889722,-0.2188468382378506,-0.208799421368578,3.2271094574302454e-16,0.0038218495999859,9.138605535239506,381754.89495500596,0.11078677731567955,0.02384451986793184,0.08173908736740988,36.792573140515486
afc_al_00012,afc_al_00012_kulfan,SU2_RANS,"{""chordwise_points"": 321, ""family"": ""c_grid_placeholder"", ""normal_layers"": 128, ""note"": ""placeholder_mesh_recipe_for_future_batch_cfd"", ""target_y_plus"": 1.0}","{""actuation"": ""specified_by_C_mu_x_jet_theta_jet"", ""freestream"": ""specified_by_alpha_Re_Mach"", ""transition"": ""placeholder_user_pipeline_choice""}",23,,优化局部加密 / OOD稀疏区域,active_learning,0.2593266032688985,0.2273443773143638,0.2606445849659313,0.1915211861139215,0.2472276968373567,0.1895640050889689,0.2188468382378518,0.2087994213685778,-0.2593266032688978,-0.2273443773143656,-0.2606445849659272,-0.1915211861139278,-0.2472276968373516,-0.1895640050889722,-0.2188468382378506,-0.208799421368578,3.2271094574302454e-16,0.0038218495999859,5.010147843499551,261709.37493259148,0.04152843046462195,0.08361957169114916,0.0981895465036777,32.55998213882333
afc_al_00013,afc_al_00013_kulfan,SU2_RANS,"{""chordwise_points"": 321, ""family"": ""c_grid_placeholder"", ""normal_layers"": 128, ""note"": ""placeholder_mesh_recipe_for_future_batch_cfd"", ""target_y_plus"": 1.0}","{""actuation"": ""specified_by_C_mu_x_jet_theta_jet"", ""freestream"": ""specified_by_alpha_Re_Mach"", ""transition"": ""placeholder_user_pipeline_choice""}",24,,OOD稀疏区域,active_learning,0.2593266032688985,0.2273443773143638,0.2606445849659313,0.1915211861139215,0.2472276968373567,0.1895640050889689,0.2188468382378518,0.2087994213685778,-0.2593266032688978,-0.2273443773143656,-0.2606445849659272,-0.1915211861139278,-0.2472276968373516,-0.1895640050889722,-0.2188468382378506,-0.208799421368578,3.2271094574302454e-16,0.0038218495999859,9.196665333856195,277855.93041169445,0.021896742171265318,0.10289020072408431,0.11725037550314035,36.43036042894124
afc_al_00014,afc_al_00014_kulfan,SU2_RANS,"{""chordwise_points"": 321, ""family"": ""c_grid_placeholder"", ""normal_layers"": 128, ""note"": ""placeholder_mesh_recipe_for_future_batch_cfd"", ""target_y_plus"": 1.0}","{""actuation"": ""specified_by_C_mu_x_jet_theta_jet"", ""freestream"": ""specified_by_alpha_Re_Mach"", ""transition"": ""placeholder_user_pipeline_choice""}",25,,OOD稀疏区域,active_learning,0.2593266032688985,0.2273443773143638,0.2606445849659313,0.1915211861139215,0.2472276968373567,0.1895640050889689,0.2188468382378518,0.2087994213685778,-0.2593266032688978,-0.2273443773143656,-0.2606445849659272,-0.1915211861139278,-0.2472276968373516,-0.1895640050889722,-0.2188468382378506,-0.208799421368578,3.2271094574302454e-16,0.0038218495999859,8.969539314725159,226421.3762302714,0.007580071457738161,0.006621048355978763,0.08595106157076592,20.423628829011196
afc_al_00015,afc_al_00015_kulfan,SU2_RANS,"{""chordwise_points"": 321, ""family"": ""c_grid_placeholder"", ""normal_layers"": 128, ""note"": ""placeholder_mesh_recipe_for_future_batch_cfd"", ""target_y_plus"": 1.0}","{""actuation"": ""specified_by_C_mu_x_jet_theta_jet"", ""freestream"": ""specified_by_alpha_Re_Mach"", ""transition"": ""placeholder_user_pipeline_choice""}",26,,OOD稀疏区域,active_learning,0.2593266032688985,0.2273443773143638,0.2606445849659313,0.1915211861139215,0.2472276968373567,0.1895640050889689,0.2188468382378518,0.2087994213685778,-0.2593266032688978,-0.2273443773143656,-0.2606445849659272,-0.1915211861139278,-0.2472276968373516,-0.1895640050889722,-0.2188468382378506,-0.208799421368578,3.2271094574302454e-16,0.0038218495999859,1.9301083268203172,508923.74066657654,0.0024939298466027148,0.019597200928702454,0.09997231242812168,22.18627072526788
afc_al_00016,afc_al_00016_kulfan,SU2_RANS,"{""chordwise_points"": 321, ""family"": ""c_grid_placeholder"", ""normal_layers"": 128, ""note"": ""placeholder_mesh_recipe_for_future_batch_cfd"", ""target_y_plus"": 1.0}","{""actuation"": ""specified_by_C_mu_x_jet_theta_jet"", ""freestream"": ""specified_by_alpha_Re_Mach"", ""transition"": ""placeholder_user_pipeline_choice""}",27,,OOD稀疏区域,active_learning,0.2593266032688985,0.2273443773143638,0.2606445849659313,0.1915211861139215,0.2472276968373567,0.1895640050889689,0.2188468382378518,0.2087994213685778,-0.2593266032688978,-0.2273443773143656,-0.2606445849659272,-0.1915211861139278,-0.2472276968373516,-0.1895640050889722,-0.2188468382378506,-0.208799421368578,3.2271094574302454e-16,0.0038218495999859,-1.4260567411523564,134849.89596791094,0.03396042455021157,0.07122530952414968,0.09468520161744652,28.839584093381166
afc_al_00017,afc_al_00017_kulfan,SU2_RANS,"{""chordwise_points"": 321, ""family"": ""c_grid_placeholder"", ""normal_layers"": 128, ""note"": ""placeholder_mesh_recipe_for_future_batch_cfd"", ""target_y_plus"": 1.0}","{""actuation"": ""specified_by_C_mu_x_jet_theta_jet"", ""freestream"": ""specified_by_alpha_Re_Mach"", ""transition"": ""placeholder_user_pipeline_choice""}",28,,OOD稀疏区域,active_learning,0.2593266032688985,0.2273443773143638,0.2606445849659313,0.1915211861139215,0.2472276968373567,0.1895640050889689,0.2188468382378518,0.2087994213685778,-0.2593266032688978,-0.2273443773143656,-0.2606445849659272,-0.1915211861139278,-0.2472276968373516,-0.1895640050889722,-0.2188468382378506,-0.208799421368578,3.2271094574302454e-16,0.0038218495999859,8.559602590083406,527615.6539954212,0.0857503143912519,0.09320434852062401,0.1026706451811892,26.321671080901083
afc_al_00018,afc_al_00018_kulfan,SU2_RANS,"{""chordwise_points"": 321, ""family"": ""c_grid_placeholder"", ""normal_layers"": 128, ""note"": ""placeholder_mesh_recipe_for_future_batch_cfd"", ""target_y_plus"": 1.0}","{""actuation"": ""specified_by_C_mu_x_jet_theta_jet"", ""freestream"": ""specified_by_alpha_Re_Mach"", ""transition"": ""placeholder_user_pipeline_choice""}",29,,OOD稀疏区域,active_learning,0.2593266032688985,0.2273443773143638,0.2606445849659313,0.1915211861139215,0.2472276968373567,0.1895640050889689,0.2188468382378518,0.2087994213685778,-0.2593266032688978,-0.2273443773143656,-0.2606445849659272,-0.1915211861139278,-0.2472276968373516,-0.1895640050889722,-0.2188468382378506,-0.208799421368578,3.2271094574302454e-16,0.0038218495999859,-0.08375375807733354,463902.1007418368,0.08928390842330068,0.04995647638607932,0.08367269067469423,31.296439113874257
afc_al_00019,afc_al_00019_kulfan,SU2_RANS,"{""chordwise_points"": 321, ""family"": ""c_grid_placeholder"", ""normal_layers"": 128, ""note"": ""placeholder_mesh_recipe_for_future_batch_cfd"", ""target_y_plus"": 1.0}","{""actuation"": ""specified_by_C_mu_x_jet_theta_jet"", ""freestream"": ""specified_by_alpha_Re_Mach"", ""transition"": ""placeholder_user_pipeline_choice""}",30,,OOD稀疏区域,active_learning,0.2593266032688985,0.2273443773143638,0.2606445849659313,0.1915211861139215,0.2472276968373567,0.1895640050889689,0.2188468382378518,0.2087994213685778,-0.2593266032688978,-0.2273443773143656,-0.2606445849659272,-0.1915211861139278,-0.2472276968373516,-0.1895640050889722,-0.2188468382378506,-0.208799421368578,3.2271094574302454e-16,0.0038218495999859,10.735801133547803,511691.7944456974,4.1463029215011276e-05,0.034465416094940075,0.08708765621913839,25.822775733505228
afc_al_00020,afc_al_00020_kulfan,SU2_RANS,"{""chordwise_points"": 321, ""family"": ""c_grid_placeholder"", ""normal_layers"": 128, ""note"": ""placeholder_mesh_recipe_for_future_batch_cfd"", ""target_y_plus"": 1.0}","{""actuation"": ""specified_by_C_mu_x_jet_theta_jet"", ""freestream"": ""specified_by_alpha_Re_Mach"", ""transition"": ""placeholder_user_pipeline_choice""}",31,,OOD稀疏区域,active_learning,0.2593266032688985,0.2273443773143638,0.2606445849659313,0.1915211861139215,0.2472276968373567,0.1895640050889689,0.2188468382378518,0.2087994213685778,-0.2593266032688978,-0.2273443773143656,-0.2606445849659272,-0.1915211861139278,-0.2472276968373516,-0.1895640050889722,-0.2188468382378506,-0.208799421368578,3.2271094574302454e-16,0.0038218495999859,15.220968682391796,336865.040247519,0.0605508970790762,0.02624500316423882,0.08186740042869657,31.429167605015934
afc_al_00021,afc_al_00021_kulfan,SU2_RANS,"{""chordwise_points"": 321, ""family"": ""c_grid_placeholder"", ""normal_layers"": 128, ""note"": ""placeholder_mesh_recipe_for_future_batch_cfd"", ""target_y_plus"": 1.0}","{""actuation"": ""specified_by_C_mu_x_jet_theta_jet"", ""freestream"": ""specified_by_alpha_Re_Mach"", ""transition"": ""placeholder_user_pipeline_choice""}",32,,OOD稀疏区域,active_learning,0.2593266032688985,0.2273443773143638,0.2606445849659313,0.1915211861139215,0.2472276968373567,0.1895640050889689,0.2188468382378518,0.2087994213685778,-0.2593266032688978,-0.2273443773143656,-0.2606445849659272,-0.1915211861139278,-0.2472276968373516,-0.1895640050889722,-0.2188468382378506,-0.208799421368578,3.2271094574302454e-16,0.0038218495999859,6.1127397287081315,312572.3790370342,0.10687327256132642,0.03779232062555642,0.09027911910318599,20.286408653250838
afc_al_00022,afc_al_00022_kulfan,SU2_RANS,"{""chordwise_points"": 321, ""family"": ""c_grid_placeholder"", ""normal_layers"": 128, ""note"": ""placeholder_mesh_recipe_for_future_batch_cfd"", ""target_y_plus"": 1.0}","{""actuation"": ""specified_by_C_mu_x_jet_theta_jet"", ""freestream"": ""specified_by_alpha_Re_Mach"", ""transition"": ""placeholder_user_pipeline_choice""}",33,,OOD稀疏区域,active_learning,0.2593266032688985,0.2273443773143638,0.2606445849659313,0.1915211861139215,0.2472276968373567,0.1895640050889689,0.2188468382378518,0.2087994213685778,-0.2593266032688978,-0.2273443773143656,-0.2606445849659272,-0.1915211861139278,-0.2472276968373516,-0.1895640050889722,-0.2188468382378506,-0.208799421368578,3.2271094574302454e-16,0.0038218495999859,9.46491459034418,383566.9669010077,0.024999036239007795,0.05969861553509408,0.11023887280088107,28.565465243468992
afc_al_00023,afc_al_00023_kulfan,SU2_RANS,"{""chordwise_points"": 321, ""family"": ""c_grid_placeholder"", ""normal_layers"": 128, ""note"": ""placeholder_mesh_recipe_for_future_batch_cfd"", ""target_y_plus"": 1.0}","{""actuation"": ""specified_by_C_mu_x_jet_theta_jet"", ""freestream"": ""specified_by_alpha_Re_Mach"", ""transition"": ""placeholder_user_pipeline_choice""}",34,,OOD稀疏区域,active_learning,0.2593266032688985,0.2273443773143638,0.2606445849659313,0.1915211861139215,0.2472276968373567,0.1895640050889689,0.2188468382378518,0.2087994213685778,-0.2593266032688978,-0.2273443773143656,-0.2606445849659272,-0.1915211861139278,-0.2472276968373516,-0.1895640050889722,-0.2188468382378506,-0.208799421368578,3.2271094574302454e-16,0.0038218495999859,-0.42773748776383025,343601.3631043742,0.0029440886880928593,0.015251256883178717,0.11705478979496255,25.783575224575564
afc_al_00024,afc_al_00024_kulfan,SU2_RANS,"{""chordwise_points"": 321, ""family"": ""c_grid_placeholder"", ""normal_layers"": 128, ""note"": ""placeholder_mesh_recipe_for_future_batch_cfd"", ""target_y_plus"": 1.0}","{""actuation"": ""specified_by_C_mu_x_jet_theta_jet"", ""freestream"": ""specified_by_alpha_Re_Mach"", ""transition"": ""placeholder_user_pipeline_choice""}",35,,OOD稀疏区域,active_learning,0.2593266032688985,0.2273443773143638,0.2606445849659313,0.1915211861139215,0.2472276968373567,0.1895640050889689,0.2188468382378518,0.2087994213685778,-0.2593266032688978,-0.2273443773143656,-0.2606445849659272,-0.1915211861139278,-0.2472276968373516,-0.1895640050889722,-0.2188468382378506,-0.208799421368578,3.2271094574302454e-16,0.0038218495999859,7.031797172549966,304248.7556451404,0.07859052124920561,0.11221666604367005,0.08303647760212275,38.5790866037996
afc_al_00025,afc_al_00025_kulfan,SU2_RANS,"{""chordwise_points"": 321, ""family"": ""c_grid_placeholder"", ""normal_layers"": 128, ""note"": ""placeholder_mesh_recipe_for_future_batch_cfd"", ""target_y_plus"": 1.0}","{""actuation"": ""specified_by_C_mu_x_jet_theta_jet"", ""freestream"": ""specified_by_alpha_Re_Mach"", ""transition"": ""placeholder_user_pipeline_choice""}",36,,优化局部加密 / OOD稀疏区域,active_learning,0.2593266032688985,0.2273443773143638,0.2606445849659313,0.1915211861139215,0.2472276968373567,0.1895640050889689,0.2188468382378518,0.2087994213685778,-0.2593266032688978,-0.2273443773143656,-0.2606445849659272,-0.1915211861139278,-0.2472276968373516,-0.1895640050889722,-0.2188468382378506,-0.208799421368578,3.2271094574302454e-16,0.0038218495999859,7.536888749079441,322690.0924551992,0.03706246846999096,0.03916558599869528,0.09338858080318259,27.009349987418787
afc_al_00026,afc_al_00026_kulfan,SU2_RANS,"{""chordwise_points"": 321, ""family"": ""c_grid_placeholder"", ""normal_layers"": 128, ""note"": ""placeholder_mesh_recipe_for_future_batch_cfd"", ""target_y_plus"": 1.0}","{""actuation"": ""specified_by_C_mu_x_jet_theta_jet"", ""freestream"": ""specified_by_alpha_Re_Mach"", ""transition"": ""placeholder_user_pipeline_choice""}",37,,OOD稀疏区域,active_learning,0.2593266032688985,0.2273443773143638,0.2606445849659313,0.1915211861139215,0.2472276968373567,0.1895640050889689,0.2188468382378518,0.2087994213685778,-0.2593266032688978,-0.2273443773143656,-0.2606445849659272,-0.1915211861139278,-0.2472276968373516,-0.1895640050889722,-0.2188468382378506,-0.208799421368578,3.2271094574302454e-16,0.0038218495999859,5.597275320301156,259334.38063539405,0.03805907347956976,0.1035855945390592,0.10925479279812796,25.33980627751853
afc_al_00027,afc_al_00027_kulfan,SU2_RANS,"{""chordwise_points"": 321, ""family"": ""c_grid_placeholder"", ""normal_layers"": 128, ""note"": ""placeholder_mesh_recipe_for_future_batch_cfd"", ""target_y_plus"": 1.0}","{""actuation"": ""specified_by_C_mu_x_jet_theta_jet"", ""freestream"": ""specified_by_alpha_Re_Mach"", ""transition"": ""placeholder_user_pipeline_choice""}",38,,OOD稀疏区域,active_learning,0.2593266032688985,0.2273443773143638,0.2606445849659313,0.1915211861139215,0.2472276968373567,0.1895640050889689,0.2188468382378518,0.2087994213685778,-0.2593266032688978,-0.2273443773143656,-0.2606445849659272,-0.1915211861139278,-0.2472276968373516,-0.1895640050889722,-0.2188468382378506,-0.208799421368578,3.2271094574302454e-16,0.0038218495999859,17.310131000147024,217327.58850106725,0.08132728127642241,0.00902895508317727,0.11513653900417382,27.997779434026317
afc_al_00028,afc_al_00028_kulfan,SU2_RANS,"{""chordwise_points"": 321, ""family"": ""c_grid_placeholder"", ""normal_layers"": 128, ""note"": ""placeholder_mesh_recipe_for_future_batch_cfd"", ""target_y_plus"": 1.0}","{""actuation"": ""specified_by_C_mu_x_jet_theta_jet"", ""freestream"": ""specified_by_alpha_Re_Mach"", ""transition"": ""placeholder_user_pipeline_choice""}",39,,OOD稀疏区域,active_learning,0.2593266032688985,0.2273443773143638,0.2606445849659313,0.1915211861139215,0.2472276968373567,0.1895640050889689,0.2188468382378518,0.2087994213685778,-0.2593266032688978,-0.2273443773143656,-0.2606445849659272,-0.1915211861139278,-0.2472276968373516,-0.1895640050889722,-0.2188468382378506,-0.208799421368578,3.2271094574302454e-16,0.0038218495999859,-0.9210949379743623,327313.85344952927,0.057773598464589876,0.031237605828895034,0.11847396695617647,25.14765727469114
afc_al_00029,afc_al_00029_kulfan,SU2_RANS,"{""chordwise_points"": 321, ""family"": ""c_grid_placeholder"", ""normal_layers"": 128, ""note"": ""placeholder_mesh_recipe_for_future_batch_cfd"", ""target_y_plus"": 1.0}","{""actuation"": ""specified_by_C_mu_x_jet_theta_jet"", ""freestream"": ""specified_by_alpha_Re_Mach"", ""transition"": ""placeholder_user_pipeline_choice""}",40,,OOD稀疏区域,active_learning,0.2593266032688985,0.2273443773143638,0.2606445849659313,0.1915211861139215,0.2472276968373567,0.1895640050889689,0.2188468382378518,0.2087994213685778,-0.2593266032688978,-0.2273443773143656,-0.2606445849659272,-0.1915211861139278,-0.2472276968373516,-0.1895640050889722,-0.2188468382378506,-0.208799421368578,3.2271094574302454e-16,0.0038218495999859,8.18551411176576,401542.70750575286,0.05260278326934356,0.09877724457507747,0.1161835046071827,20.192736399911446
afc_al_00030,afc_al_00030_kulfan,SU2_RANS,"{""chordwise_points"": 321, ""family"": ""c_grid_placeholder"", ""normal_layers"": 128, ""note"": ""placeholder_mesh_recipe_for_future_batch_cfd"", ""target_y_plus"": 1.0}","{""actuation"": ""specified_by_C_mu_x_jet_theta_jet"", ""freestream"": ""specified_by_alpha_Re_Mach"", ""transition"": ""placeholder_user_pipeline_choice""}",41,,OOD稀疏区域,active_learning,0.2593266032688985,0.2273443773143638,0.2606445849659313,0.1915211861139215,0.2472276968373567,0.1895640050889689,0.2188468382378518,0.2087994213685778,-0.2593266032688978,-0.2273443773143656,-0.2606445849659272,-0.1915211861139278,-0.2472276968373516,-0.1895640050889722,-0.2188468382378506,-0.208799421368578,3.2271094574302454e-16,0.0038218495999859,14.736185210282109,293908.53982024523,0.11867417487319615,0.04793566197545185,0.10181441783266743,28.41868334485621
afc_al_00031,afc_al_00031_kulfan,SU2_RANS,"{""chordwise_points"": 321, ""family"": ""c_grid_placeholder"", ""normal_layers"": 128, ""note"": ""placeholder_mesh_recipe_for_future_batch_cfd"", ""target_y_plus"": 1.0}","{""actuation"": ""specified_by_C_mu_x_jet_theta_jet"", ""freestream"": ""specified_by_alpha_Re_Mach"", ""transition"": ""placeholder_user_pipeline_choice""}",42,,OOD稀疏区域,active_learning,0.2593266032688985,0.2273443773143638,0.2606445849659313,0.1915211861139215,0.2472276968373567,0.1895640050889689,0.2188468382378518,0.2087994213685778,-0.2593266032688978,-0.2273443773143656,-0.2606445849659272,-0.1915211861139278,-0.2472276968373516,-0.1895640050889722,-0.2188468382378506,-0.208799421368578,3.2271094574302454e-16,0.0038218495999859,2.424181904116682,230316.7749385583,0.0868775444029154,0.0918232874331228,0.08768832965710785,21.708719038201266
afc_al_00032,afc_al_00032_kulfan,SU2_RANS,"{""chordwise_points"": 321, ""family"": ""c_grid_placeholder"", ""normal_layers"": 128, ""note"": ""placeholder_mesh_recipe_for_future_batch_cfd"", ""target_y_plus"": 1.0}","{""actuation"": ""specified_by_C_mu_x_jet_theta_jet"", ""freestream"": ""specified_by_alpha_Re_Mach"", ""transition"": ""placeholder_user_pipeline_choice""}",43,,OOD稀疏区域,active_learning,0.2593266032688985,0.2273443773143638,0.2606445849659313,0.1915211861139215,0.2472276968373567,0.1895640050889689,0.2188468382378518,0.2087994213685778,-0.2593266032688978,-0.2273443773143656,-0.2606445849659272,-0.1915211861139278,-0.2472276968373516,-0.1895640050889722,-0.2188468382378506,-0.208799421368578,3.2271094574302454e-16,0.0038218495999859,0.22497997143823767,370747.8785990182,0.02802806561845071,0.06923460122794416,0.09950203251150536,23.973642857670825
afc_al_00033,afc_al_00033_kulfan,SU2_RANS,"{""chordwise_points"": 321, ""family"": ""c_grid_placeholder"", ""normal_layers"": 128, ""note"": ""placeholder_mesh_recipe_for_future_batch_cfd"", ""target_y_plus"": 1.0}","{""actuation"": ""specified_by_C_mu_x_jet_theta_jet"", ""freestream"": ""specified_by_alpha_Re_Mach"", ""transition"": ""placeholder_user_pipeline_choice""}",44,,OOD稀疏区域,active_learning,0.2593266032688985,0.2273443773143638,0.2606445849659313,0.1915211861139215,0.2472276968373567,0.1895640050889689,0.2188468382378518,0.2087994213685778,-0.2593266032688978,-0.2273443773143656,-0.2606445849659272,-0.1915211861139278,-0.2472276968373516,-0.1895640050889722,-0.2188468382378506,-0.208799421368578,3.2271094574302454e-16,0.0038218495999859,-1.2199655472755992,416542.11862327345,0.07591187221734265,0.062270047293189565,0.09387839029564904,27.303629604822262
afc_al_00034,afc_al_00034_kulfan,SU2_RANS,"{""chordwise_points"": 321, ""family"": ""c_grid_placeholder"", ""normal_layers"": 128, ""note"": ""placeholder_mesh_recipe_for_future_batch_cfd"", ""target_y_plus"": 1.0}","{""actuation"": ""specified_by_C_mu_x_jet_theta_jet"", ""freestream"": ""specified_by_alpha_Re_Mach"", ""transition"": ""placeholder_user_pipeline_choice""}",45,,OOD稀疏区域,active_learning,0.2593266032688985,0.2273443773143638,0.2606445849659313,0.1915211861139215,0.2472276968373567,0.1895640050889689,0.2188468382378518,0.2087994213685778,-0.2593266032688978,-0.2273443773143656,-0.2606445849659272,-0.1915211861139278,-0.2472276968373516,-0.1895640050889722,-0.2188468382378506,-0.208799421368578,3.2271094574302454e-16,0.0038218495999859,-1.0844606326970858,482766.7924843872,0.019139390104540313,0.11644741065141702,0.086833984182645,36.341855020184475
afc_al_00035,afc_al_00035_kulfan,SU2_RANS,"{""chordwise_points"": 321, ""family"": ""c_grid_placeholder"", ""normal_layers"": 128, ""note"": ""placeholder_mesh_recipe_for_future_batch_cfd"", ""target_y_plus"": 1.0}","{""actuation"": ""specified_by_C_mu_x_jet_theta_jet"", ""freestream"": ""specified_by_alpha_Re_Mach"", ""transition"": ""placeholder_user_pipeline_choice""}",46,,OOD稀疏区域,active_learning,0.2593266032688985,0.2273443773143638,0.2606445849659313,0.1915211861139215,0.2472276968373567,0.1895640050889689,0.2188468382378518,0.2087994213685778,-0.2593266032688978,-0.2273443773143656,-0.2606445849659272,-0.1915211861139278,-0.2472276968373516,-0.1895640050889722,-0.2188468382378506,-0.208799421368578,3.2271094574302454e-16,0.0038218495999859,-1.9245468935001873,497790.2117895123,0.09248675216920016,0.03336888321027866,0.11825550868338762,21.570173433659523
afc_al_00036,afc_al_00036_kulfan,SU2_RANS,"{""chordwise_points"": 321, ""family"": ""c_grid_placeholder"", ""normal_layers"": 128, ""note"": ""placeholder_mesh_recipe_for_future_batch_cfd"", ""target_y_plus"": 1.0}","{""actuation"": ""specified_by_C_mu_x_jet_theta_jet"", ""freestream"": ""specified_by_alpha_Re_Mach"", ""transition"": ""placeholder_user_pipeline_choice""}",47,,OOD稀疏区域,active_learning,0.2593266032688985,0.2273443773143638,0.2606445849659313,0.1915211861139215,0.2472276968373567,0.1895640050889689,0.2188468382378518,0.2087994213685778,-0.2593266032688978,-0.2273443773143656,-0.2606445849659272,-0.1915211861139278,-0.2472276968373516,-0.1895640050889722,-0.2188468382378506,-0.208799421368578,3.2271094574302454e-16,0.0038218495999859,16.841495325012676,444657.5811310071,0.0932173062732019,0.11695016445505615,0.11092808382046586,33.60346857285704
afc_al_00037,afc_al_00037_kulfan,SU2_RANS,"{""chordwise_points"": 321, ""family"": ""c_grid_placeholder"", ""normal_layers"": 128, ""note"": ""placeholder_mesh_recipe_for_future_batch_cfd"", ""target_y_plus"": 1.0}","{""actuation"": ""specified_by_C_mu_x_jet_theta_jet"", ""freestream"": ""specified_by_alpha_Re_Mach"", ""transition"": ""placeholder_user_pipeline_choice""}",48,,OOD稀疏区域,active_learning,0.2593266032688985,0.2273443773143638,0.2606445849659313,0.1915211861139215,0.2472276968373567,0.1895640050889689,0.2188468382378518,0.2087994213685778,-0.2593266032688978,-0.2273443773143656,-0.2606445849659272,-0.1915211861139278,-0.2472276968373516,-0.1895640050889722,-0.2188468382378506,-0.208799421368578,3.2271094574302454e-16,0.0038218495999859,11.26642901349381,442701.9956023221,0.05610509501881359,0.08218171071521425,0.08445477220358039,34.38513516878263
afc_al_00038,afc_al_00038_kulfan,SU2_RANS,"{""chordwise_points"": 321, ""family"": ""c_grid_placeholder"", ""normal_layers"": 128, ""note"": ""placeholder_mesh_recipe_for_future_batch_cfd"", ""target_y_plus"": 1.0}","{""actuation"": ""specified_by_C_mu_x_jet_theta_jet"", ""freestream"": ""specified_by_alpha_Re_Mach"", ""transition"": ""placeholder_user_pipeline_choice""}",49,,OOD稀疏区域,active_learning,0.2593266032688985,0.2273443773143638,0.2606445849659313,0.1915211861139215,0.2472276968373567,0.1895640050889689,0.2188468382378518,0.2087994213685778,-0.2593266032688978,-0.2273443773143656,-0.2606445849659272,-0.1915211861139278,-0.2472276968373516,-0.1895640050889722,-0.2188468382378506,-0.208799421368578,3.2271094574302454e-16,0.0038218495999859,6.496206430686229,153774.38704218928,0.10885856016798798,0.03972641810289601,0.0963478024189566,23.661907909255834
afc_al_00039,afc_al_00039_kulfan,SU2_RANS,"{""chordwise_points"": 321, ""family"": ""c_grid_placeholder"", ""normal_layers"": 128, ""note"": ""placeholder_mesh_recipe_for_future_batch_cfd"", ""target_y_plus"": 1.0}","{""actuation"": ""specified_by_C_mu_x_jet_theta_jet"", ""freestream"": ""specified_by_alpha_Re_Mach"", ""transition"": ""placeholder_user_pipeline_choice""}",50,,OOD稀疏区域,active_learning,0.2593266032688985,0.2273443773143638,0.2606445849659313,0.1915211861139215,0.2472276968373567,0.1895640050889689,0.2188468382378518,0.2087994213685778,-0.2593266032688978,-0.2273443773143656,-0.2606445849659272,-0.1915211861139278,-0.2472276968373516,-0.1895640050889722,-0.2188468382378506,-0.208799421368578,3.2271094574302454e-16,0.0038218495999859,8.397214473196657,379814.07274589036,0.09300977043716989,0.04024229217542503,0.10561579096552,39.98541386635554
