kulfan_upper_weights_0,kulfan_upper_weights_1,kulfan_upper_weights_2,kulfan_upper_weights_3,kulfan_upper_weights_4,kulfan_upper_weights_5,kulfan_upper_weights_6,kulfan_upper_weights_7,kulfan_lower_weights_0,kulfan_lower_weights_1,kulfan_lower_weights_2,kulfan_lower_weights_3,kulfan_lower_weights_4,kulfan_lower_weights_5,kulfan_lower_weights_6,kulfan_lower_weights_7,leading_edge_weight,TE_thickness,alpha,Re,Mach,n_crit,xtr_upper,xtr_lower,C_mu,x_jet,theta_jet,CL,CD,CM,Top_Xtr,Bot_Xtr,converged,source,confidence_label
0.15247221801332683,0.24208491594247736,0.21901714792483867,0.14684822664752334,0.08568476487343304,0.0733053882795566,0.011173950649016115,0.026518253167449775,-0.11651228674344617,-0.05606534589403293,-0.08854544943545879,-0.046499317405511,-0.010715230468502207,-0.018332726979956644,-0.022855831292891232,-0.010864420167724705,0.02201828697528557,0.012382347901774608,4.283718992806161,1489486.7823359063,0.04133682950280054,9.0,1.0,1.0,0.0666475815046827,0.31533932926941316,24.19743963614277,1.1755631156495325,0.04817088744893757,-0.09760010358883103,0.5286798680307295,0.8018525371823116,True,synthetic_placeholder,0.8830348526702535
0.18007380369623974,0.21329920669870653,0.20376092121609454,0.18332096218532112,0.09029210413708366,0.09608471044398208,0.02020826048427748,-0.0023641236880315294,-0.1204478537177453,-0.0838692221164808,-0.05743860402905648,-0.048603771771280356,-0.02457365665075245,-0.010646380972598214,0.025080461322517112,-0.01767626207828007,-0.01080490691996031,0.012409915624915452,14.811128711822448,4779354.087234383,0.1260923596392751,9.0,1.0,1.0,0.0041339151295516794,0.16416115820155627,12.103806524151313,2.2679239307068957,0.1608414025184551,-0.09143858507502087,0.20135397883277456,1.0,True,synthetic_placeholder,0.7880393023789825
0.1645485891170156,0.17545085860525847,0.20450660795836645,0.16308102846154315,0.13180779367598475,0.069367491768397,0.046859539902181946,0.005539325034998292,-0.09684952294985684,-0.07589047925446754,-0.055054673678634966,-0.10855284865808984,-0.05044683201033065,-0.02916987342877648,-0.03558840630972701,0.01194268657612493,0.010560171437835464,0.00870881350677666,-4.54016929472879,2837574.159928508,0.0327553985649099,9.0,1.0,1.0,0.06620761310873684,0.11477187307492175,56.21253496583361,0.6081643292092204,0.01890594602484265,-0.18093541531663143,0.8822953521260464,0.5373118759146415,True,synthetic_placeholder,0.8814604832636
0.15122596880375627,0.21117545376328892,0.18670932778291338,0.11232466837355694,0.11463331166616518,0.02645681643500679,0.03552503789688665,0.004242154072112049,-0.09562020967438147,-0.09792899265281708,-0.11268240991319385,-0.08647544647993305,-0.05970669421905347,-0.015903759352557622,-0.039385218081853655,-0.046388557250654994,0.0025846903816947662,0.009165808289189127,14.767586731293854,537049.7602194467,0.209833565568647,9.0,1.0,1.0,0.0650199714733421,0.03635480741096266,67.02127978340076,2.501804029801144,0.19543049827825426,-0.16141028946873442,0.11176657353823269,1.0,True,synthetic_placeholder,0.7618347846881941
0.16676809459443012,0.17291355611937,0.20381235228654737,0.15414870530122807,0.12958550667027938,0.07326243371612944,0.00754865864510311,0.010524962051379644,-0.12905035037300944,-0.10183924458310216,-0.04653448826682789,-0.009961390620811474,-0.04962757741447579,-0.0061228324619662395,0.013024219697330076,0.020690839850092815,-0.015366314065848907,0.019843703434261794,-0.5160451517483491,788483.5164893636,0.09112747782183801,9.0,1.0,1.0,0.07391865002300495,0.12240136888389293,23.574871453376506,1.1565146310428367,0.04827140819290169,-0.19440352159888094,0.7097638310354266,0.6549511854383475,True,synthetic_placeholder,0.9135512056934312
0.15021205486566136,0.21116987912449828,0.20996764822620634,0.14790225978948976,0.08468697715350877,0.06041682193791447,0.044761250066666126,-0.01650893483876201,-0.1023357135613208,-0.11604158601536999,-0.0897660871759803,-0.09723964740047071,-0.03522728625990675,-0.009450120138611713,-0.05285980942281385,-0.0060363844779245165,-0.02146304541374195,0.008496554731713428,2.1598347753418157,543749.836506507,0.09251890519631392,9.0,1.0,1.0,0.05315208329212262,0.2798317391146969,19.759081898242464,0.9393200795460142,0.03339391463700735,-0.10596360214434399,0.6338784840481435,0.7435342099434054,True,synthetic_placeholder,0.9032041367393137
0.18336505358148888,0.2045874469381093,0.1659939281086953,0.12914911832386555,0.1038461160771242,0.04904277881859529,0.018988430150084366,0.038999271610199684,-0.09415288628913158,-0.06501358223389489,-0.05242753767672662,-0.0439745211748547,-0.053734681341319146,-0.03236695322932673,0.009085853849283825,-0.0171181309254472,0.005625151448353031,0.013149344159092365,11.864862251690603,165756.02677545205,0.10091479602675295,9.0,1.0,1.0,0.012849890728428043,0.036454700179152505,30.856250521334665,2.122909619506074,0.14237337409025064,-0.13517890867614007,0.30613067383973386,1.0,False,synthetic_placeholder,0.21740493066189026
0.18508426798845537,0.24146659002037962,0.15480055002678764,0.09497585378361231,0.12296947210419698,0.0933536104697822,0.02094541684829437,-0.017321425322412973,-0.10084495825327969,-0.0587837892723908,-0.07744236922357797,-0.08749030639513757,-0.04591179475123098,-0.01221356070409809,-0.01880661843568512,0.01822624150181487,-0.010167912624519682,0.0017634275683599653,1.8207792728598706,254966.47995817472,0.034200480154536514,9.0,1.0,1.0,0.03535435291632302,0.08279805694351604,14.965960097782755,1.2764254152800443,0.0566988728277525,-0.18022352656668703,0.6741372997111207,0.7404816370192668,True,synthetic_placeholder,0.9177658533810507
0.17819523522005598,0.1555523652697563,0.1707758838335312,0.08472719499970545,0.09330135591079095,0.016216243245100535,0.0332790099640678,0.05711278151276699,-0.07435980882971942,-0.10301635887206005,-0.09007317409404063,-0.06208613191516045,-0.06403527928508654,-0.01744363373342763,-0.018604542464929374,0.010704070070203393,-0.027204100927236782,0.010491668317837584,5.190248504153428,369498.7537064274,0.25933055863335563,9.0,1.0,1.0,0.035154612813637645,0.1295098946709006,48.98397254579437,1.5607001572436923,0.08116181574662948,-0.16641964561274308,0.5396581406134064,0.8416456099991477,True,synthetic_placeholder,0.8616180752510387
0.1724826193558552,0.21838096454662356,0.16307308138103843,0.11678792402233955,0.06162304064919921,0.09505771157133945,0.037575506735474246,0.05955795669447272,-0.112002068505294,-0.10759533359091823,-0.043244330030220324,-0.0775865226038063,-0.05171245461746461,-0.03964975194859299,-0.021092474811848522,-0.023320925474002097,-0.0013779127845944894,0.01511643114360036,-7.338581282166359,424881.47021904215,0.22773535035987752,9.0,1.0,1.0,0.05058663891855319,0.20024354300304656,32.113151151976595,0.16567621804854837,0.008560462867661219,-0.15109747962820042,1.0,0.4596079059675879,True,synthetic_placeholder,0.8386646604667827
0.14950453724495474,0.19337268997743776,0.18090466970136623,0.1742042924650346,0.14442336628151056,0.0526351660612521,0.010492902203760299,-0.024596136954885436,-0.10089972443309815,-0.10409752708183029,-0.08833750226328571,-0.0527436402086494,-0.025968383544110886,-0.015660605095765504,-0.029721329305665328,0.002943288035050049,0.0049281325625339925,0.009376986149841718,10.084314608195358,422761.779853756,0.21227783172444184,9.0,1.0,1.0,0.03049100259232349,0.14617386182234038,43.74871325600882,2.1092305733333028,0.14130837890970918,-0.16186499753192268,0.3508909117837005,0.9903330372089313,True,synthetic_placeholder,0.8187817699679051
0.2122180792181128,0.19660014422782973,0.1625630771499073,0.1374639998341078,0.03477728818476993,0.025584174357895454,0.06209505717181774,0.02860081384629903,-0.10240925785232138,-0.09212650579452837,-0.11444738436879834,-0.046573655717638565,-0.042792107798403214,0.00912534892056327,-0.0021979616067944042,-0.02733034728003387,0.0024892567169158344,0.014546337244607055,4.915439517262677,1423637.5435431895,0.0119159537972214,9.0,1.0,1.0,0.054054247037529465,0.31244470226872506,64.35099918189793,1.1456761980649346,0.04602502497260491,-0.08885141117524056,0.5223010487531988,0.8258414867028685,True,synthetic_placeholder,0.8834377353363922
0.1824519873273081,0.1736578272393916,0.19338362622180327,0.1831476331383498,0.06806829410077171,0.0690459217845573,0.027795406790908857,0.027690295869737487,-0.12744387138091207,-0.0669804309951975,-0.09749742476592485,-0.04631017585087324,-0.04601541767369257,0.017076694691709377,-0.013396131363630251,0.025315463958378037,-0.023594619985416343,0.013285213434684686,-0.08643880402178805,8777684.186298588,0.15031245062360712,9.0,1.0,1.0,0.016312590407827017,0.09639284123259659,61.69475973363696,0.8600323538859673,0.02947649501434819,-0.1381108292916513,0.778988666549131,0.6908817997162154,True,synthetic_placeholder,0.9292105897750732
0.1790143696626291,0.19498450112121626,0.15660461633106695,0.13826036864532223,0.08329272101363777,0.06499008552246421,0.03706215556644427,0.03500738799128569,-0.07331705657852315,-0.09922112475568039,-0.08652103258749919,-0.03020975897182977,-0.03985843645026752,-0.04221358431701618,0.009273147053039105,0.04669693010917521,-0.011108129880170972,0.0021977971462933477,10.922288882281704,3542650.1794231758,0.2398212564649449,9.0,1.0,1.0,0.028268062251724697,0.2097230081340875,65.3006115428187,2.0419039079513106,0.1325033339909551,-0.12485538051332437,0.32070635133114483,1.0,True,synthetic_placeholder,0.808314566855171
0.1640920667110194,0.19056449491406574,0.20544917254427755,0.13319182010950775,0.09210089448744566,0.09025675368519155,0.04546315462270697,0.020931065597023405,-0.10046998775173557,-0.061631750911579984,-0.08279709847307097,-0.03237696914221385,-0.04422938326356683,0.002272592270966659,-0.003442716129396725,-0.00793711130404951,0.027839764284158984,0.00954263499399736,-0.7233240970005204,3821799.4742322257,0.05472132746625523,9.0,1.0,1.0,0.04346507290298836,0.2789016016440638,66.10346300628345,0.6625623655433261,0.019995730174245236,-0.10359853994116885,0.7637353545255383,0.660914247928789,True,synthetic_placeholder,0.9242551044124727
0.18415488712918746,0.16767449235318124,0.1902050912247649,0.1718449491800901,0.11324791111020706,0.02984557347936737,0.045881507441508346,-0.0038181229606403153,-0.09448257973449271,-0.10001430983169503,-0.1016517929173599,-0.08021277745452941,-0.04017221194603553,-0.04514618372838576,-0.005130722941798443,0.0067450157168629015,-0.014928075150936065,0.000624028314010876,2.883949347535636,3300175.2359008202,0.13498024563014277,9.0,1.0,1.0,0.03421208409715592,0.3274746333100756,45.3891616051899,0.9005615515454933,0.030936890158073337,-0.08533123782860161,0.6333238999528408,0.7728336467872066,True,synthetic_placeholder,0.8973988567324824
0.17316650936594316,0.20209774300227598,0.14907423693201063,0.17230263600420018,0.09720845853407531,0.08876015974851424,0.054836996466021144,0.052583916782729445,-0.08942505522279706,-0.09873889501199282,-0.07763296656913457,-0.05924883231546983,-0.012252918220308207,-0.039837220834847406,-0.02137331068743088,-0.008338699921759708,-0.006081420041267805,0.0018188582292271583,-4.782999266068046,1563059.3225639572,0.0069419509144779115,9.0,1.0,1.0,0.009802052061520019,0.30951368746924013,40.138017151777035,0.05951427381315111,0.0064501890270586195,-0.08116771564119493,0.9766168925504419,0.5525892011933506,True,synthetic_placeholder,0.8985351966294157
0.2087942093570029,0.16217099524287867,0.18012027257411245,0.08568986208393944,0.08790557545879478,0.08696056715234565,0.06195741632001489,0.05134564895536136,-0.10151045598739052,-0.10363341793442442,-0.09121165700579802,-0.038297652905368705,-0.05138530933228244,-0.005255398592139669,0.02711778011731979,0.021984979790943885,0.04652554936247425,0.01346453958976509,1.6747116747311015,6845174.350538769,0.028650298977034718,9.0,1.0,1.0,0.07726624966100035,0.07336672119701777,12.256909938224181,1.3533085472219426,0.0629394402651103,-0.1948975572358831,0.6171121585192554,0.7193348503775328,True,synthetic_placeholder,0.9072079784566854
0.1697055587587577,0.2071491020279467,0.18159184077079887,0.17084217029439888,0.13888249976717906,0.06021166753301077,0.13379087418165897,0.019098981645515368,-0.13475889361301724,-0.07310657683328038,-0.06900834567566795,-0.047687493079187064,-0.07112101489454027,-0.008395619408904983,-0.035382414421436095,0.022291140951563874,0.007392688090639657,0.004397364583181471,-3.117074223772409,2394750.7111170953,0.07575875299966886,9.0,1.0,1.0,0.055303632170917716,0.2833760254865886,16.1464786828047,0.47088661767316187,0.013495455625462286,-0.11166764793044792,0.8417275206945198,0.5843663204184606,True,synthetic_placeholder,0.8946622928110337
0.1700277891676422,0.21419600091868046,0.1981798096264459,0.1528903563690539,0.08300808416222853,0.10609502428793513,0.040645596597370326,0.057761754167051496,-0.07717138584169352,-0.03762798102568938,-0.08638470575053565,-0.08917554119933847,-0.01771431781722703,-0.006217460001757703,-0.021372206441063715,0.023498018659930474,-0.009625635269845608,0.0010127979838250912,-1.7044798293956118,1001642.7720768922,0.145127556399437,9.0,1.0,1.0,0.06664280622328207,0.24611080623936357,41.43540369247579,0.7665358727397613,0.024927963736631264,-0.1333553633362916,0.7682149838409014,0.6222084826288188,True,synthetic_placeholder,0.8984496041991156
0.21416404653785318,0.16752861926665352,0.15489217182672887,0.11439417155473948,0.10567693901478357,0.07080285306251996,0.04618938098834974,-0.0008177702345707601,-0.08494572916454818,-0.11450502572152131,-0.08577802467527927,-0.06767399284779152,-0.04094926837660791,-0.019916463082618713,-0.027679690235367906,-0.007716379566901808,-0.03848135479129679,0.00936799451649582,10.008752143121262,142615.7916478209,0.16213401270058295,9.0,1.0,1.0,0.02859685970313172,0.16491313836384114,61.36049827666967,1.9779672608610759,0.12484094325032824,-0.14110204735892534,0.356754624720452,0.9888238204123851,True,synthetic_placeholder,0.8251200193877896
0.19017868414788514,0.2346276152442065,0.1461601321338565,0.13465511890881085,0.10577514386258148,0.06632373553549112,0.034646813881027624,0.06380659961363178,-0.08697311380285656,-0.0902477454020895,-0.08418466474286306,-0.06487527094101835,-0.04078971613341616,-0.06210242386517976,-0.010579180723102155,-0.024363914238237545,0.006548187576332254,0.013964249423827697,-1.2701898083350418,948196.7319994896,0.3095825360663395,9.0,1.0,1.0,0.075591672813527,0.038181471667988194,35.958073642703916,0.9747742891273299,0.036709373924951806,-0.1931030729123822,0.7374200831131112,0.6316576366245379,True,synthetic_placeholder,0.8836623464659574
0.2116766876196201,0.22083487358315382,0.1605700109152135,0.19564016799929634,0.10864756656805967,0.05517560142898348,0.0311905679632791,0.007391784521057464,-0.09666782873072637,-0.11823854687221523,-0.06034547160018217,-0.05405166335123724,-0.06581878052574468,-0.019045541122473916,-0.02898502919770693,0.032242641684846175,-0.027418514872404886,0.0056038083432967505,3.6445833863592414,266478.3868677083,0.11083045476090464,9.0,1.0,1.0,0.06499576804422741,0.08375407070655562,10.223761737183272,1.5604062818902407,0.0809776555921831,-0.1919514189081173,0.5567230124792893,0.7833391943730863,True,synthetic_placeholder,0.8829723902470488
0.23266341609903332,0.20477967439191858,0.18123299207356863,0.08583469601704385,0.11809525630693161,0.043212601072870234,0.011426084156340097,0.03498894244910023,-0.08896186531117319,-0.10471540778694695,-0.07427021578250712,-0.059414386755146646,-0.01478746124394938,-0.016596793739424704,-0.0034479850103749715,-0.026082902643878726,-0.00016846673902940973,0.0038120111049113193,15.537692795229727,184243.6781541698,0.00751235669701698,9.0,1.0,1.0,0.07836049964703087,0.2698274643942585,22.738186371710192,2.510936757033196,0.19621239833323748,-0.11675962335065734,0.06095153872026467,1.0,True,synthetic_placeholder,0.7703636864838918
0.15808978707033827,0.22057087376264803,0.2077223271987124,0.09494012698772811,0.09627224912829256,0.03032955077722104,0.03812665042963107,0.042479949462655646,-0.08284834717060245,-0.04680279589985558,-0.0659321449115467,-0.05945925674851668,-0.035385499130113116,-0.042720307963329554,-0.009932945768860661,-0.025620239856967895,-0.017011313265435094,0.00461595294290408,15.079772647930882,1028323.6996673095,0.2891781713699078,9.0,1.0,1.0,0.015791540191184436,0.05688152568856789,55.59822509318613,2.496821294388613,0.1945618922059999,-0.13906368601774302,0.17312178379598805,1.0,True,synthetic_placeholder,0.765546994326345
0.14557931585236938,0.24472899526847275,0.1718839715280159,0.11006080499900893,0.09651706620047866,0.08941936819312259,0.005176667599300907,0.019643350971292647,-0.09776444263399044,-0.09640624902191193,-0.09525731219212351,-0.04702661715548738,-0.0684268741366483,-0.024435668825082885,-0.040129948247606434,0.03298555214583625,-0.03316481647108109,0.0004617786814003111,9.394958578564808,3716811.919414623,0.02164642738075047,9.0,1.0,1.0,0.03817355812805941,0.13004797599618048,19.505079311786677,2.0930195075380214,0.13925031856242504,-0.17503589606260078,0.3669413196653186,0.9665793341057204,True,synthetic_placeholder,0.842433704037859
0.1452546875931805,0.22968865428811253,0.18344682232081608,0.12893287864216507,0.12543716185952686,0.037334718510054266,0.02970783015985632,0.06568796417520263,-0.059113423425771736,-0.07168349966662338,-0.040665194781140473,-0.04675030546922741,-0.02776909453982058,-0.03213043834682839,-0.03153812967882838,-0.0010755582336655794,0.03332575851617773,0.0008347894497328357,4.989444533138421,389056.6882189688,0.032547197431779924,9.0,1.0,1.0,0.03086791952578955,0.1116679802485134,21.974580109324137,1.6681996005850852,0.09130269920834001,-0.17832192222528925,0.5541203393857789,0.8373361681838367,True,synthetic_placeholder,0.8875904590677008
0.17642334048839828,0.23343902327143537,0.18439339875803665,0.1220093759578817,0.09334446572214808,0.07142335103915982,0.029249657108927404,-0.001117543244005991,-0.10934636238829962,-0.09739903988438396,-0.06406238064816099,-0.06120142017701541,-0.06987237287113889,-0.027996278185194078,-0.02894334427751725,-0.009575632734242816,-0.0018673193162752344,0.009248635894708071,-1.3546111029111003,3447811.547013571,0.33711360085890724,9.0,1.0,1.0,0.04911159964824296,0.268752287007565,27.1321638522069,0.6118694351730212,0.0186766462594064,-0.11305377563305904,0.7805170446440796,0.6397170270533697,False,synthetic_placeholder,0.2880090489905254
0.15994020804757125,0.1623883015809076,0.18222758174847134,0.14930202112262103,0.11818249755121814,0.02431034385672668,0.059596693038235456,0.019022348181037353,-0.1206453417733176,-0.06469097915135504,-0.04064029412514965,-0.0809345159927566,-0.025733575430826324,-0.01174945531428833,-0.035201973156855366,-0.0016939699572282702,0.018617557628976097,0.004307959704174722,-4.144351789396955,1125275.9741720902,0.26367789634492544,9.0,1.0,1.0,0.020017578693436813,0.1448991453364216,46.55700259368811,0.458943689160864,0.014019648423907708,-0.1453432023603392,0.935747703535723,0.5676624148407167,True,synthetic_placeholder,0.8761834188635068
0.14373460120331888,0.20189587781120266,0.199814870279077,0.15251051827956263,0.11758318094080866,0.09308336087766367,0.061848931371498723,0.018563748778772985,-0.07049753563792316,-0.07178846993618604,-0.04635330355112166,-0.08215952663985547,-0.05369815667857113,-0.017955835484949164,-0.00671300378899388,-0.003330770874362168,0.014997522992739256,0.008559598818602018,15.278209917187182,198653.42023312562,0.11824897097273926,9.0,1.0,1.0,0.008037783180054906,0.0579002371164006,60.184333286244595,2.4118184128918445,0.18128165387055273,-0.11245523027812984,0.1768149285424304,1.0,True,synthetic_placeholder,0.7829816687768377
0.12739423478763628,0.18046921068942134,0.1883649034595482,0.1277281794656387,0.11660955520772351,0.08942045262458558,0.04068389028322894,0.06647967755920285,-0.10657640502847698,-0.09706700131783062,-0.09102990578026886,-0.04987421692974176,-0.0941063489853289,0.008066730394889072,-0.024500973719817964,-0.03257185903354071,-0.014402281955263354,0.018265148930508804,4.385646053149089,8510116.157496,0.04626259456671849,9.0,1.0,1.0,0.03812932694631317,0.1485414725811573,23.133690245675115,1.5276980642802274,0.07774485105896835,-0.16977786756512236,0.5673801674545668,0.8163176508159474,True,synthetic_placeholder,0.8900784819279434
0.1551116764612131,0.22277645831484566,0.16768534991366837,0.1199883421472221,0.11422038174812538,0.05410965576620079,0.060982224542902884,-0.009657342180455577,-0.0880917278267423,-0.11710443472192575,-0.07129537744817463,-0.06707222050410303,-0.02724313749060496,-0.008290277125150207,0.011796133324424361,-0.014025968562781169,0.0019666886284420222,0.01608476665345247,-5.219225300701512,635729.6217100866,0.13535570061015154,9.0,1.0,1.0,0.051157754921570674,0.13458556054997817,45.96807242688746,0.5349967463660693,0.01657911500570005,-0.17940235161785845,0.9320323796457046,0.5229601390103262,False,synthetic_placeholder,0.2689248504554985
0.18038959835139745,0.17842675194241223,0.17363804850959463,0.13021471645874988,0.07130076547241626,0.08590699165754494,0.008393911469979833,-0.0049772391738981455,-0.10496144271852723,-0.08940272989445153,-0.10746881884900644,-0.04732746172646437,-0.03662583341853787,-0.05102645018948944,0.009983221411650969,0.02308333268790614,-0.00696326713627826,0.016534547009983528,6.96375413290001,389465.06837774883,0.11871821247306073,9.0,1.0,1.0,0.030721233479304787,0.2594468375422071,41.79643678880106,1.4938545825824157,0.07405114094770474,-0.11001667675199409,0.47536798446504247,0.8966241305952783,True,synthetic_placeholder,0.8592742673799023
0.2018187792165564,0.22386850877519499,0.19623613188351946,0.14805101477439148,0.1565068133401815,0.03931486468845464,0.02097529546650328,-0.005281936350660834,-0.125585514714578,-0.0778093983302844,-0.05424663166608095,-0.04247016547140323,-0.05889984253191579,-0.052237842016953424,-0.01661340513973513,-0.014237920778338227,0.019444223608567623,0.01858047232904202,10.64039474421515,4943069.779360769,0.3060544205048656,9.0,1.0,1.0,0.07899514741730297,0.13243911046358015,36.69185238856889,2.3413730179189596,0.17279231547965906,-0.18962593279314646,0.2558914891054396,0.9876137833595333,True,synthetic_placeholder,0.789292066282171
0.2020364708112194,0.20677524867310518,0.20734964831679126,0.1638940583063294,0.09395937605550511,0.04911508328806735,0.014788750867371733,0.07489184279066058,-0.09948587883192751,-0.09139556943380757,-0.06879988004707398,-0.07057136674982221,-0.04260679072315689,0.03498127128999307,-0.01698862846079074,0.010325469815971948,0.00875923643150945,0.013339539119519411,6.712079225272971,177386.54095102285,0.146563556059914,9.0,1.0,1.0,0.03247910177191186,0.25195700770945273,44.82523141934678,1.5969216275262492,0.08359539502451056,-0.12061586065884074,0.4827981783312134,0.8883707360494243,True,synthetic_placeholder,0.8584791216097053
0.20379558367519426,0.21443830022975846,0.17114173894949367,0.1346650457309594,0.09102269660591931,0.061530379286051776,-0.02046248421503784,0.018095014584217577,-0.09364879566063397,-0.08507023830038762,-0.09768270010593558,-0.04891424299932032,-0.04049784246830022,-0.008126558649153988,0.02653827655569442,-0.0008026878509225449,-0.006950116659218887,0.008754090811628328,14.015144914981665,2932114.4764380637,0.02871575210546771,9.0,1.0,1.0,0.023985243395025044,0.20235022509880285,58.84711141434895,2.3737691996780743,0.17625790968392865,-0.12626392769267264,0.20341633830819592,1.0,True,synthetic_placeholder,0.7997814026211291
0.17007165833164692,0.20687390808167797,0.18487098907923813,0.1609679498331375,0.09930876798918495,0.08956079480692254,-0.024386075537217947,-0.007891927114358384,-0.08427393075307357,-0.10997949373445055,-0.0771782940655323,-0.02849234798090739,-0.040725565663168393,-0.037272316829572834,-0.010407913567609174,-0.008233692156281818,0.03329718337325772,0.0014667164964554202,-7.049770960059131,237492.27357779202,0.32438182082550515,9.0,1.0,1.0,0.06511182600796092,0.31407450519183083,23.04928340070763,-0.11054720135781812,0.007537428159639895,-0.09510314525819658,0.984323099390424,0.4624621407950416,False,synthetic_placeholder,0.22753056051446985
0.222786069926565,0.16916202755705007,0.17266738077436958,0.15731508837736485,0.07758200996470113,0.08770936237976906,0.003943588850336645,-0.02818765459332352,-0.10435529733100121,-0.09699973181077948,-0.039816682617377586,-0.07697236379727333,-0.04781282486705997,-0.03596480728791226,0.010242230001697187,-0.010139482693734369,0.010493284309871868,0.014434127503757844,4.6861423182405195,609513.8127707207,0.21780967730034104,9.0,1.0,1.0,0.037335184242623685,0.264676855341948,39.83404905276557,1.2702038174294383,0.05562669245361033,-0.11198223409548383,0.5565515309064437,0.8256501958501661,True,synthetic_placeholder,0.8701570538147736
0.1464136924679869,0.15830331465005895,0.17920351563015569,0.13170151667663627,0.10785693978610791,0.04375263824783907,0.10321893428580772,0.01725947929181173,-0.07347748100511865,-0.08623559985934164,-0.08003490976659382,-0.08878425215179465,-0.015343372164732508,-0.013753316665389665,-0.006473237526236267,-0.006923527237112375,0.009347452326657605,0.0022235808861307206,3.0240611892496894,290937.5363511321,0.04084844987335077,9.0,1.0,1.0,0.02185734261593657,0.16053399761164366,15.8752336687677,1.2619598269359067,0.05522175707777065,-0.14563038465807726,0.6462515385061076,0.781978898631116,True,synthetic_placeholder,0.9091173403353869
0.17850206528240517,0.2110415033986335,0.17356000615821823,0.12386198040102167,0.10179496358363305,0.09261943950217269,0.05629397630222607,0.043202008846763826,-0.10790937388129627,-0.11493775434105534,-0.060661396410923905,-0.054197605280303526,-0.046758843680352276,-0.03718356442765152,-0.01225532711541999,-0.0063932318058482025,-0.015550930245989199,0.006067732957554151,-6.503610100402986,4813444.685191528,0.03961095601624781,9.0,1.0,1.0,0.022919281957728518,0.18517104582350216,40.794253304122265,0.2018453646362513,0.008493078449654155,-0.139702780483687,1.0,0.49572398420481895,True,synthetic_placeholder,0.8741270188070267
0.16555548254439795,0.18029245720626114,0.22977917682503313,0.1337027558699525,0.11164234364882338,0.08814804597189119,0.07521255879922537,-0.014080705837121829,-0.06671780185649566,-0.07409634232332757,-0.09149454936567405,-0.08168389401049457,-0.04428914449668303,-0.04280091245506762,-0.013045158638667852,0.0035211325524688287,0.00824503538168438,0.005612172382215737,7.391876059344999,602766.494981494,0.16307663440749248,9.0,1.0,1.0,0.07577246313953907,0.18084344315690773,57.46047143921607,1.8359640914472415,0.10878582156568578,-0.157329883354381,0.3906662629168915,0.8914472965245344,True,synthetic_placeholder,0.8370418370239389
0.16769826926901993,0.18886766737461846,0.17217298281051957,0.07939412211813231,0.0973100976275797,-0.0026293316718871847,0.04717733494745527,0.03317119288175941,-0.08682728889915634,-0.08121812723936488,-0.0833373941969622,-0.04750611694722041,-0.05728496479009147,-0.02605647956805283,0.0017723289501012328,0.0012941038049494725,-0.029198972706377294,0.01875707169245648,12.463188123535762,8899910.22304003,0.03223113799119066,9.0,1.0,1.0,0.07693893985279376,0.30894476720592795,69.91353343910225,1.9574208830438844,0.12170744672182876,-0.08800658949424157,0.1860640652793789,1.0,True,synthetic_placeholder,0.7990633230096851
0.19468555850180227,0.1696229584038639,0.2036261954588968,0.11815231827125891,0.06907932118716516,0.045254275667997564,0.018574043462643665,0.024087735958611894,-0.12487850169561851,-0.11254634826660426,-0.11173321527322183,-0.023338816179127246,-0.07040419035086282,-0.02716064065323304,0.022344916266094687,0.017166276719404353,0.009328586473116171,0.017332390184407943,6.230584434502816,1780422.0687671732,0.22111326727096545,9.0,1.0,1.0,0.051698951699438965,0.07417157494801468,38.54158324514703,1.7797073005312587,0.1032071576229053,-0.19033845304433744,0.4732281950707289,0.8662379523553089,True,synthetic_placeholder,0.8500731434180435
0.20040026760137336,0.1472485988632181,0.1662680740584369,0.16234929128230838,0.10490487356910118,0.08254433223667383,0.00238322576041299,0.043718435328427674,-0.07302373922197729,-0.09933904637072938,-0.06457089526169092,0.0015636649447699682,-0.040068564350818535,-0.016063867765191895,-0.02063192052881762,-0.004584152940941342,-0.018621555013015507,0.005091864046669312,-1.757661254306643,2439190.216409052,0.21573432688321859,9.0,1.0,1.0,0.022301438133981097,0.16575360397712458,27.796204041985398,0.7822480416086703,0.026041048369190394,-0.14909948789425825,0.8368542929712941,0.6383495871172082,True,synthetic_placeholder,0.9041595233284173
0.14077639563754568,0.2047517866007288,0.21403143477219982,0.18698375974617415,0.11278841375115779,0.09202423004895731,0.02484170914570608,0.007963896694102053,-0.09183949074632243,-0.061572487130949885,-0.097309494762502,-0.08786776486590625,-0.038778070206360656,-0.020179404824685818,0.013944476752862431,0.010075341146545281,0.003745437226093701,0.007495100602563738,12.15715650475381,1104206.3600183574,0.011228472016353797,9.0,1.0,1.0,0.056909523497518794,0.2011718583940129,44.77021491503163,2.362825215856446,0.175010632129672,-0.15357180597939446,0.22834945456356942,1.0,True,synthetic_placeholder,0.8102327307015709
0.2092355842846893,0.20004015956181162,0.17681715440347506,0.10473604749532321,0.10376477444736854,0.08614658517706596,0.02014576311898888,0.007323004438781651,-0.1117621408920125,-0.077936843027159,-0.05694715320319084,-0.053544761852614364,-0.04606515121472546,-0.010736008784560382,-0.0213697536741482,-0.04162058768309451,-0.005474893015293925,0.009546969941147287,4.227901156516225,414893.27761672,0.2825979733644531,9.0,1.0,1.0,0.017341558554888704,0.16959130631638272,32.3051232886389,1.3259473142773714,0.060300904335690485,-0.13473880240517416,0.604871615907018,0.8199004112735313,True,synthetic_placeholder,0.8742587235319258
0.21951141490052234,0.20445665372872157,0.17278515886037493,0.11157543026651658,0.08451052421797384,0.06375009372396225,0.07422819628034294,0.004737632545443825,-0.07266441134997322,-0.11508709042508602,-0.08599829217619136,-0.06563664165357011,-0.04603361903065805,-0.030036070102949543,-0.0431594155251327,0.006147547710496086,0.004636217235359393,0.0009543566050092656,4.2613332271967925,618176.9993058378,0.27537816632882445,9.0,1.0,1.0,0.025766774993114874,0.2213691097596097,17.020143347173597,1.2959800494146836,0.05780775539420197,-0.12526351204180958,0.590896508422456,0.8175332868186578,True,synthetic_placeholder,0.8721188185972151
0.22485839418665135,0.17678280457622847,0.17106032987934866,0.16108859119777297,0.09399512672162293,0.04924344893998484,0.03670391471295814,0.03121781233572334,-0.09883350560420019,-0.08860914120976492,-0.057969833441819045,-0.03742620908599093,-0.012649510163329492,0.01257669126694894,-0.005374521547062194,-0.03520432543340026,0.007210032392524657,0.00038461027583909014,10.072724984852268,7618480.763892292,0.3203578940153579,9.0,1.0,1.0,0.043338908776221235,0.18962979053435172,41.46991432182972,2.1525047700123765,0.14703075079964062,-0.15731572560728302,0.33208263744157746,0.9848461860350796,True,synthetic_placeholder,0.8042352881170751
0.13710664462877376,0.19378659135628326,0.17726658438870885,0.12990630600185837,0.11838390165947477,0.05578619576210314,0.030887128785341632,0.02094106468406318,-0.09518540884261278,-0.08918373689387465,-0.07806268751961797,-0.07144972124789148,-0.05721948401571598,-0.008513473517405515,0.00495706986291855,-0.026797751009275016,-0.0011049018160348488,0.011381977885344428,-4.449871141161043,252584.3285189039,0.23460732635846696,9.0,1.0,1.0,0.03209153289316365,0.16238263765182956,57.9481414603527,0.4404237342913882,0.013537485108547642,-0.14852015819590858,0.9298575463066963,0.5536672526079032,True,synthetic_placeholder,0.8724130960845937
0.1982212273578865,0.19447093455880726,0.21791493177254392,0.11730704249940681,0.13216285880835216,0.0485544612222334,0.035923337950603144,0.029101154634188726,-0.08864993922639056,-0.09282181116490534,-0.08719813901263147,-0.045758084075445765,-0.0404722034918474,-0.035537910402546405,-0.013346780533754264,-0.04440701470587634,-0.0010852437352875887,0.01000474292155668,11.671041258862648,9471915.225918155,0.24250178131732814,9.0,1.0,1.0,0.02808190901076695,0.24978015123711864,63.46763724238753,2.022332970649829,0.1297518072147202,-0.10844990702452201,0.2910354861293437,1.0,True,synthetic_placeholder,0.8006148365764106
0.2313709965314926,0.22239565366632735,0.1698534287610764,0.17247797788979305,0.09465737737765734,0.050213853592508816,0.05121711729466706,0.022361771200832423,-0.11133559807465787,-0.09830053661435713,-0.10748747987485006,-0.05600692341531562,-0.03419438816452541,-0.03664734611855647,-0.018034839800087625,0.008809836291563778,-0.0297360376595474,0.012589273175776492,8.398885744078171,3285577.562404473,0.05730957905860876,9.0,1.0,1.0,0.07793075435891905,0.13538318902670943,68.68667126202482,1.956729627192333,0.1224207884654683,-0.16413716716300622,0.3471484386984946,0.9207942705787775,True,synthetic_placeholder,0.8369009583456817
0.20384165918158087,0.18625654089631719,0.18953758744152313,0.15586373332086922,0.10695113898876701,0.06927541169771606,0.022559540647724977,0.04259379478388469,-0.07847646339920818,-0.1048920812317734,-0.0729284731860697,-0.03898467824745266,-0.04035207245997282,-0.040201951696506893,-0.030126131400611846,-0.011257521304219673,-0.03795833831485977,0.017568313244684268,10.890326597315225,524292.7508694662,0.008361084892584096,9.0,1.0,1.0,0.013616493958379924,0.2242083243740875,32.06347737151378,1.9429432219317615,0.12006281659266521,-0.10953466614139237,0.3439621951698211,1.0,True,synthetic_placeholder,0.8361756773500754
0.18343061250781081,0.21240759931272143,0.1712305439784852,0.1403252922685538,0.07406930020738205,0.07213813237839506,0.05913025809135778,0.022324832151995804,-0.12049343195721142,-0.04959865860387897,-0.09127188513607584,-0.05232561384423116,-0.0362406293456673,-0.012180050324144742,-0.02264235314167513,-0.03092960843829621,0.025231781274089468,0.0027666108884274966,-3.4012097835167543,1918788.818527964,0.022947103346446972,9.0,1.0,1.0,0.049102284715953425,0.26313867114683975,25.099910654891456,0.43754187240403786,0.012793658101411937,-0.11792268048361246,0.8623949642667401,0.578322792608116,True,synthetic_placeholder,0.8989625064154017
0.2014848202629561,0.20782276205306682,0.21409641575048294,0.13524875919617996,0.05903424433617726,0.08081220572713926,0.03587026280306094,-0.004357334557066494,-0.0672056471901585,-0.0915503860456093,-0.07766003712261645,-0.055992795388899404,-0.01476641083636109,-0.009618642526211179,0.008481286271565441,0.011456656968390279,0.01147967387227797,0.01791961521890848,11.25673986722872,578046.9028343968,0.33756146905612505,9.0,1.0,1.0,0.0030833111587079643,0.07180692345404252,16.649246412778556,1.8516154231604842,0.10980646990265795,-0.08984536744117419,0.34510543857278925,1.0,True,synthetic_placeholder,0.8027514610744879
0.19628163394806913,0.20660822848136595,0.19113346504836548,0.13169060123033272,0.10492617910619388,0.07635847610388563,0.0843663776635425,0.00290100588853288,-0.09692306599009212,-0.08489462412120673,-0.09483530287909524,-0.09874313298299571,-0.04475536265233861,-0.046426636550717375,0.03677279065082816,0.026208433706857187,-0.029582988201557314,0.004192144659335322,-3.4082257746271933,579409.8384179936,0.22600247794587172,9.0,1.0,1.0,0.007337178970712355,0.13446467248157823,36.173915037964555,0.36175647669574407,0.010868796532738843,-0.11086486082857439,0.9253232625290193,0.5948183551728992,True,synthetic_placeholder,0.8911163407679272
0.1797376450110651,0.20909649530674118,0.136880326847615,0.09992579081429517,0.15414545927069528,0.025822026158458296,0.054373228616381476,-0.0012056351516143056,-0.07655628658509897,-0.10098363127627753,-0.03879365463878732,-0.09405266437057208,-0.06413779487007487,-0.04058646005197149,-0.03412905928879554,-0.0023185624060925525,0.03818407759089438,0.0184535796838792,-6.042737183275695,1017667.4887076175,0.33141733327269257,9.0,1.0,1.0,0.016799680400937964,0.3323054577915536,58.42162961482327,-0.15604686770805204,0.007565768831981295,-0.0757717534141584,1.0,0.5119980123413539,True,synthetic_placeholder,0.8513909907196924
0.1609209974312217,0.15043687739319145,0.1574815356918663,0.15960946538759208,0.06528142897708718,0.08488567200854456,0.047832443733714605,0.07045755748380982,-0.09609185734659455,-0.05176907072322176,-0.060021214866943576,-0.0355510878533049,-0.03159943436700801,-0.027913176754074336,-0.028696443855510602,-0.03515112302456579,-0.014287914914634282,0.003172020185260709,12.525447382889684,108005.443173511,0.12228452560523347,9.0,1.0,1.0,0.07933489568115717,0.3391268120200398,24.07868725747106,2.001895404061688,0.12690094986193523,-0.08798326404206318,0.1799797611626769,1.0,True,synthetic_placeholder,0.7887166049062326
0.1681366604185571,0.23158535098007013,0.20222172385603598,0.13283328956704288,0.05842610027659585,0.1077360094896627,0.0058902773539114515,0.008164601184430109,-0.11736283590165189,-0.0975855464908605,-0.06471195278698637,-0.09369732141217597,-0.06729425837749867,-0.02057870472306916,-0.03594768661375233,0.001739044293319959,0.010219251290937224,0.007989662849544213,12.670803908264041,970829.8473539804,0.26432755183149487,9.0,1.0,1.0,0.058113971138224,0.3475644042034113,60.97398988397593,1.9278732886900096,0.11818654992304801,-0.07921672591542962,0.2059968869621024,1.0,True,synthetic_placeholder,0.7794250143927429
0.20207941350000466,0.22789888921983215,0.15886383259605028,0.13919995785254438,0.09353553894826629,0.09953896438955907,0.10261583435452297,-0.02574717063799831,-0.1082034923509131,-0.1050057078015691,-0.10663139333393484,-0.06184955624794014,-0.05454482153747817,-0.037230695350985915,-0.0277180692617828,-0.0012464260325206122,0.008504618199759624,0.014728824892868829,13.036890313997933,8773983.773562547,0.022889637876583373,9.0,1.0,1.0,0.06944304765033592,0.043608266844246686,52.70422106912067,2.495907515766883,0.19458144890090656,-0.1841565777100242,0.1743598159645788,1.0,False,synthetic_placeholder,0.19650921877726157
0.20291057274960672,0.12854561557733188,0.18035165930411617,0.11228038690127032,0.14979546975275132,0.07415921320752648,0.02158070630110531,0.007517178632279492,-0.09701540707210034,-0.12425842399276603,-0.0832097965349234,-0.05202534310847885,-0.019210764436575017,-0.009334460868741009,-0.010809123898859695,-0.027848990776972716,0.0021711203448861833,0.004004079186279428,3.3258332646109654,372332.08092771645,0.0581718079575399,9.0,1.0,1.0,0.003958702770937323,0.29448280605179167,22.056569231562612,0.843423206216215,0.02762895877449642,-0.07107733685616421,0.6610286152591553,0.798191516829954,True,synthetic_placeholder,0.9097368757268551
0.1656176061989444,0.2047077902140672,0.1760462882405073,0.15639713934953806,0.13850652704811728,0.08753530117268711,0.009349923807397667,-0.02059517016214963,-0.1153987956325417,-0.07170902290567947,-0.09404332380488306,-0.03947470771543829,-0.014520649945784449,-0.04624351975960099,-0.0061877067826308,-0.007241462970930636,0.012169398212180625,0.0023434453031977755,-1.4228386732707614,3136432.3031787854,0.0969966672051965,9.0,1.0,1.0,0.05451507621221383,0.32928825823814706,47.905092348357734,0.4765598604052226,0.013446490556780077,-0.08913357978124233,0.7751409326125098,0.6355088093169916,True,synthetic_placeholder,0.9097174236831085
0.16111451185860745,0.22633038160774335,0.17162379615836626,0.12331067952308541,0.10345706394514707,0.03461185126021464,0.011516806958267707,0.03275813563023683,-0.05944592706917414,-0.07323908082317022,-0.09020918793398172,-0.05185383069966812,-0.058353674752789644,-0.02802965046908117,-0.01090021164760517,-0.002012573590215935,-0.0274784120697334,0.005374671513261949,-7.82979611352401,768383.0572227397,0.19261138809525957,9.0,1.0,1.0,0.035194918354880464,0.318622220817678,59.18153096761049,-0.24959090008832735,0.008647164861342007,-0.08734812231941141,1.0,0.4510281492523275,False,synthetic_placeholder,0.24188242454876974
0.17242116267729443,0.18866909394773707,0.1879408756329126,0.1253782199204798,0.08284272383593314,0.05850474593665815,0.05506551472778998,0.02149549839303008,-0.09384462941390552,-0.10813880658129699,-0.1170655952658418,-0.06725829572603648,-0.05784714357014267,-0.03900368269483842,0.027746720400972258,0.01825775971861032,-0.0007228124701998732,0.006728664509011771,7.497301493798748,262157.3782960447,0.1950931080318185,9.0,1.0,1.0,0.03331359588442795,0.25878121711379654,65.97222196725842,1.5231572650367955,0.07659737509955929,-0.10439992167900625,0.45013754642140824,0.9115936064601912,True,synthetic_placeholder,0.8455235954935022
0.1501350603830922,0.1924235771367698,0.19620559816128266,0.18676879857892195,0.07144115019695123,0.07846338235121308,0.03353129307961606,0.04063798592030635,-0.10348902316742344,-0.1186687093874313,-0.10596391571643606,-0.052776078493862476,-0.018613023675947023,-0.030770298625917285,-0.012298006631380693,9.611464343821763e-05,-0.005081094046334998,0.017718471599135,9.277825204208632,6456618.730158357,0.1746452583074552,9.0,1.0,1.0,0.05666038353983773,0.24619818972412463,19.732885821795257,1.8767069163430752,0.11295180476884181,-0.12697704826506878,0.3438964165218982,0.9556706027103239,True,synthetic_placeholder,0.8227591070652167
0.19123887443290166,0.23680442269352037,0.19298627255686526,0.12637216719427732,0.0865351705455178,0.08013875274292824,0.04987357973561476,0.07994843168963507,-0.07867613617366408,-0.12760942699647343,-0.07688095431643809,-0.05188938120661367,-0.02099815805152301,-0.017077240139236494,-0.03701393785509955,-0.016611071494707707,0.0017512644476431372,0.00501481317184062,12.05366119600658,108057.41386258749,0.14856225462122713,9.0,1.0,1.0,0.024665516042846447,0.26027411727628363,59.320911619349545,2.0781320891188337,0.1363801222603695,-0.10646924892088938,0.2808552780954672,1.0,True,synthetic_placeholder,0.8072075077649574
0.22190831799163988,0.17066054119062363,0.18875561989433887,0.10672527846578525,0.058608077607016806,0.08858865003606775,0.05379368832612892,-0.005964194858425245,-0.13048365186798977,-0.08613595047323838,-0.07615279931258695,-0.049763367608750435,-0.059397439737984635,-0.047804613648746615,0.015511971136904924,-0.0013563579865885779,-0.005483540640833737,0.013637452768496783,-1.2349321432509885,404592.5235513565,0.20149680611868448,9.0,1.0,1.0,0.041077425861681977,0.21396346180704368,56.5509452699035,0.7247168651405369,0.023204552775348178,-0.1322695028872833,0.7877811469375167,0.6465210653577975,True,synthetic_placeholder,0.9051777701971171
0.2210921684524633,0.17556075176249267,0.15080679047133325,0.15631545553550072,0.1055234636428888,0.06598729997577919,0.038323354177475906,0.025595019781463193,-0.0650799315705827,-0.08121111702933598,-0.10923414309777298,-0.04389166434770827,-0.015297393397441727,-0.03401446871850069,-0.05349317299087956,0.008304827503280005,-0.012841265308463507,0.016697225387727613,-2.8347639880886337,9955240.692893162,0.3383318383857434,9.0,1.0,1.0,0.020857977745897312,0.2822944255498612,24.623298438495226,0.3792910903288522,0.011482142689984733,-0.09833569924942653,0.8821035929046994,0.6066138892589821,False,synthetic_placeholder,0.28156178295677015
0.1765105003562791,0.19568737829297408,0.13260108278333876,0.10645096584975834,0.11527373925806905,0.05239247773883265,0.0536298314777926,0.050886597481141486,-0.10280705143783252,-0.08444813989966446,-0.13373023859076996,-0.05085749874604183,-0.09501031613596758,-0.04234812670010548,0.0027180282786001563,-0.04148954305852721,-0.01462330326732749,0.000267011915731763,7.343953121598108,334421.03941910714,0.1603278461701417,9.0,1.0,1.0,0.03131232564739268,0.1906174732162074,27.67488464008859,1.6885051952356323,0.09304867728297486,-0.14292540572808263,0.45927338666498674,0.9077936633889861,True,synthetic_placeholder,0.8511339864727868
0.17112622933878927,0.20707424453357715,0.2319119111694672,0.15737339105783865,0.14604684576878346,0.10833517634785199,0.058834008738028375,0.01720265596440635,-0.13727605414272653,-0.09899557986704753,-0.047066798426630994,-0.0276869545382723,-0.05216565049465697,-0.0050095454455035635,-0.003421677365107786,0.00021963305167575165,0.017693511877391845,0.005475256684427501,11.321315995480234,4989867.846017954,0.29311499762944165,9.0,1.0,1.0,0.04266609401638018,0.10229999996519307,67.42504193513514,2.3355142998672456,0.171488691697299,-0.16995097791530056,0.2831482191562204,1.0,True,synthetic_placeholder,0.7946755120773394
0.15895016166911122,0.17220755026194084,0.19215822336703173,0.15170458441686982,0.09563444479918246,0.09121165952716496,0.02488657214142131,0.047755476702779714,-0.09291223513150482,-0.10452217656656385,-0.06399911881734369,-0.03880063715291905,0.013998220642757868,-0.006696077758188298,-0.06409439468245769,-0.029142035946157448,-0.01696003204699763,0.01805453312919004,15.1281009482793,1626920.3718726146,0.01955518776115492,9.0,1.0,1.0,0.012630480226101054,0.060191687993013394,31.720963477621364,2.501041889437353,0.1947762697711426,-0.13703795866887852,0.17593024172967647,1.0,True,synthetic_placeholder,0.7929743276732613
0.18100017661965298,0.19909183560548588,0.17999316757551337,0.13753521808038693,0.16220660720821803,0.029712004271309926,0.044430563594544954,0.05110265473347644,-0.09339790659393002,-0.08869861758215286,-0.11728818976774251,-0.06287933282862841,-0.04725431904820805,-0.02608557417795006,-0.01754531085477769,0.013314291857218049,0.007249206085145853,0.011634175550671571,-4.3874040698917405,4093279.637751443,0.13495554003052015,9.0,1.0,1.0,0.022094969752416285,0.3206418314567591,27.338566315026597,0.13964327212089114,0.007130608146421485,-0.08712888896789132,0.9423537081670452,0.5595398900022813,True,synthetic_placeholder,0.8860019143723056
0.19793782631431303,0.19244795070731827,0.2235030256054209,0.11328767855585797,0.06734259675704422,0.08420176407331027,0.00363825496917435,-0.03944874382416539,-0.07080992252270703,-0.07642724600581093,-0.10230593542540285,-0.07736353924905176,-0.053338899080494544,-0.02621890063454451,-0.023624297644641624,-0.012088100919636746,0.006997631442864735,0.003386253855752488,3.573097316784077,1822365.6086521726,0.19617375527483968,9.0,1.0,1.0,0.03363247241772323,0.2715612740489876,53.20066715228302,1.0733578748950456,0.04160582220296847,-0.10281484676360178,0.6066273987020522,0.793739930536433,False,synthetic_placeholder,0.28456190957935823
0.2020721659432,0.21903375781551093,0.19830717157358627,0.12781322138289683,0.10457365319223358,0.04586683554393878,0.08335878016531642,0.039775606287611204,-0.11853723737824408,-0.07110157445993656,-0.06305636642408559,-0.04099196859229408,-0.04168723563873288,-0.015982431170252942,-0.03330009089515048,-0.025313456578593848,-0.0019579897871214126,0.009863410700186075,13.473180692708164,531365.9411874637,0.217112194479228,9.0,1.0,1.0,0.03781983828225243,0.08671741944330978,17.97436062759717,2.6189444962613235,0.21373680854640165,-0.18641628896578777,0.20434301486829481,1.0,True,synthetic_placeholder,0.7822110221403198
0.19855640180925546,0.15125038147733413,0.20018255109974709,0.177349300549534,0.13040655214118432,0.08972825839491251,0.03997607077425837,0.011454178818623924,-0.11095179887116094,-0.0783763130347408,-0.0830481805539013,-0.08290917452704788,-0.03820048775793744,-0.016602946204585536,-0.01179342847506966,-0.018380801549203383,0.008467405115881165,0.00800419547187321,2.145205766690495,3323361.38337635,0.08750641897620394,9.0,1.0,1.0,0.06400031744088146,0.2931866487434951,38.990158997313685,0.9841223917610004,0.035878255333245464,-0.10567139867927719,0.618191293171058,0.7387560460243622,True,synthetic_placeholder,0.9005972052032102
0.19504104214047205,0.2095692338949341,0.18590936325964627,0.13226938133027463,0.1420314131981358,0.04080391769510038,0.03943418860469791,0.0054954781802675975,-0.09875833727420279,-0.09847789805830623,-0.08655581237309744,-0.06183385968005173,-0.024972568032794965,0.011465776930025599,0.016134883126959963,0.007534864782100857,0.010841751403833418,0.016708439865035955,6.148049490017154,112971.5526987252,0.13975185472030832,9.0,1.0,1.0,0.05143600910940795,0.12611096093573676,31.487987574256877,1.8660448238539828,0.11254080952747858,-0.1898552645566377,0.47692400673520197,0.8638670810567515,True,synthetic_placeholder,0.8591135168949753
0.20580107620227145,0.23576203768235704,0.21110222102025672,0.15888517954396236,0.0649349505879998,0.1220308176886582,0.052917402239366224,0.017288418875079606,-0.10803168268174079,-0.09620053810183715,-0.0853403583762071,-0.03697918369214898,-0.09530638728242606,-0.019843964849240572,-0.05484978859672188,-0.005077403596843365,-0.010643107059726984,0.015852196647637463,-7.412223740159283,782755.0955800776,0.33145215905749154,9.0,1.0,1.0,0.04499920532176938,0.2334095910747513,42.63918057774131,0.09212532396904732,0.007861923786608532,-0.1326776878937555,1.0,0.45963360566651373,True,synthetic_placeholder,0.8292327850961272
0.1805375149028681,0.19151202165870998,0.1905970143180953,0.14775419520276512,0.09099749885833244,0.005752714080613082,0.03912196662380069,0.03192089890598754,-0.07350910053096955,-0.10821882019940486,-0.12565735520263796,-0.03405758624175651,-0.009883552039765778,-0.015028458848618515,0.01010536586852565,-0.021049795604531664,0.006723307309275589,0.006483558810739618,8.163037291670534,554254.3875606355,0.22709776390418215,9.0,1.0,1.0,0.06958939149603173,0.14396891447958354,46.19500863103034,2.0096286304703033,0.1293154948513928,-0.17950752412128043,0.36909442108913104,0.9170553621517034,True,synthetic_placeholder,0.8247830332440668
0.19315419612230814,0.19616337498060782,0.19133286923658518,0.1657079735109244,0.08824374293590334,0.10665697613546571,-0.008878957545523118,-0.011526213342976762,-0.07654770016408398,-0.05598751600428603,-0.06719642138284417,-0.054378716301050824,-0.014334233222964713,-0.0023610490447915533,-0.02997654777826616,0.02220053297276517,0.038111063847781755,0.019661293929654294,14.05812687121174,899804.1902452367,0.2047381869443031,9.0,1.0,1.0,0.015787909182141097,0.09853218762580573,48.406447234028654,2.4779043496478224,0.19173104013503828,-0.1462595832030389,0.2139930613783188,1.0,True,synthetic_placeholder,0.7842085398388099
0.15737137624061454,0.13888833226311145,0.15500593447418032,0.17120929939090956,0.1310382266313146,0.07243396156815514,0.08302504916844934,0.025987255498654865,-0.08510760633569492,-0.08682610416875003,-0.0539256221496131,-0.04149095007549333,-0.02508130969625617,-0.035156963955018064,0.0016694923993383047,-0.02717028824603998,-0.021418185132851385,0.0009557697356376772,11.843807909361306,179987.09728215128,0.022854548681944323,9.0,1.0,1.0,0.008326642814242797,0.08619480441049969,35.94394349132819,2.064653188534481,0.13478602590046254,-0.11935697944971238,0.3137577194041836,1.0,True,synthetic_placeholder,0.8267784731939196
0.16755470108459364,0.2060407692345704,0.17657133474090245,0.15839833651249996,0.062423734006164994,0.09498537358328074,0.02851183172028701,0.041383075412756445,-0.10252898245542978,-0.12386522553971294,-0.11408783799211109,-0.05113887793352196,-0.04164013399118101,-0.023304911975088792,-0.003161000465024352,0.0019996737559491995,-0.006048178712092525,0.018193035073402752,13.252486401038723,278620.9263972802,0.018261690175101694,9.0,1.0,1.0,0.031498017069418835,0.05270409943821043,63.215944525240815,2.3895138058268275,0.17870175234993219,-0.1593381686887867,0.22265351835432284,1.0,True,synthetic_placeholder,0.8061995618512768
0.14147399495384036,0.1895185336136928,0.18195158050875537,0.1625363157237791,0.06956172327070355,0.11168610639771892,0.05206658687508788,0.006855614539922321,-0.11772768703004279,-0.08853136434478709,-0.081341404158515,-0.07039940817601865,-0.04249096879521146,-0.032308320481925744,-0.027982176752844173,-0.011685211369940352,-0.015338592574731878,0.00194534065648734,7.84852913249256,1330770.546472327,0.07398945674122262,9.0,1.0,1.0,0.010975196444582256,0.05382033804629074,60.140565541837546,1.5720986310761587,0.08101802186640603,-0.11861650091726991,0.46959604003342426,0.9310657953969438,True,synthetic_placeholder,0.8608232040675774
0.210432550854702,0.20256777557556577,0.20895742451778074,0.1980786952186693,0.1192132094414645,0.05683301341074914,0.02935731411522129,0.034563858659461655,-0.09530035454807521,-0.04873549328289171,-0.09633964895997227,-0.049561652811422885,-0.06922657507351078,0.006800496450044252,-0.021667506566735467,-0.0022224868306244495,0.039700226411696196,0.011085498372089775,-2.106745586163738,596400.8191936997,0.04823797154702155,9.0,1.0,1.0,0.044478483048069326,0.05210886743442628,66.00146712352218,0.8266569061619318,0.027981596771349405,-0.17102788744003283,0.8175520988744456,0.6190062391958601,True,synthetic_placeholder,0.9107652020692396
0.18719763542734394,0.17917425091117525,0.16329726210935053,0.15664455073205485,0.15866745927153247,0.004240815467301525,0.05809790344556805,0.014723820424458137,-0.07445161635093893,-0.07024645714119711,-0.10983718761179141,-0.04889614260246205,-0.04454784554150417,-0.012617529029093175,-0.0119523122459635,0.009720785465727484,-0.0280557495553305,0.008378042628268799,10.444407973510105,3831002.286435489,0.3443124752456507,9.0,1.0,1.0,0.04589146656527079,0.05877400532395892,36.754338497394905,2.277684876771697,0.16401604459702582,-0.19119136809552806,0.31338648121168966,0.9949756525791947,True,synthetic_placeholder,0.7973572327707527
0.19948411784350467,0.22169303445163185,0.1813209521259637,0.11460066132444513,0.06507370266242514,0.02314553278517089,0.0705586400058729,0.014757440856075124,-0.09416088722979002,-0.09279708663251442,-0.056460420222485166,-0.09088093159697283,-0.04866120156819586,-0.044111980227146214,-0.017877430849743,-0.01359885460791931,0.0001416728375672222,0.016468418586369386,-2.9198061774197477,1622830.5641795062,0.000961501660932451,9.0,1.0,1.0,0.010527483979975214,0.2968893724800174,53.805154868458146,0.2103280756413069,0.0077315340072727865,-0.07906057500180037,0.9010010211268271,0.6081948210854174,True,synthetic_placeholder,0.9175475428657167
0.1664931258160361,0.19305701472934017,0.1465133070400857,0.1476153644880265,0.1329675374010949,0.09846151576927407,0.0008550232193070015,0.054087797095223794,-0.10296095990707432,-0.0998087639670556,-0.08939196014405497,-0.09288103219868614,-0.040753389989348035,-0.01883390180952717,-0.02692705639450831,-0.018138751233820763,0.018582786018594605,0.009610123223842255,11.950596031947068,5278777.653890713,0.12804523521318098,9.0,1.0,1.0,0.057284319575711465,0.19569866416523063,35.841747207176375,2.301229047095098,0.16650305495451023,-0.15477400839058617,0.23604967935855012,1.0,True,synthetic_placeholder,0.8005042202864977
0.1608940776318416,0.15217619336893087,0.14926319411473463,0.11583714721887367,0.09982630399149903,0.044200613175343836,0.0022438634805017864,0.013387649121717447,-0.1128915293848627,-0.05641918192969499,-0.07623964394897985,-0.052245207199048405,-0.04600811437143757,-0.03499890153520788,-0.032571590795725094,0.02584255581273019,-0.017363990400368658,0.005628238498269779,-6.494769858301562,2915557.927954092,0.02044785736833056,9.0,1.0,1.0,0.0445231586740489,0.07114688473583018,26.72696527183895,0.3438617481366335,0.011653249629112157,-0.18650232046734855,0.9930060563209893,0.4873476407813336,True,synthetic_placeholder,0.8696505680779366
0.2280975985698393,0.182441227940285,0.19160633788624362,0.14199867078073666,0.16645169285486436,0.022543546008513035,0.06738454118037447,-0.01203462489500284,-0.13400860445183377,-0.08400059437803274,-0.08048083137256337,-0.06511244591980773,-0.07132815056229616,-0.0497005086145123,0.0046332944505504655,-0.018874659714174406,-0.002720245531682764,0.014256299050722999,11.811707521445339,1598258.0315261993,0.2240036954111868,9.0,1.0,1.0,0.03385455954157129,0.1979982876424991,49.11318682703524,2.213503834257366,0.15449700905614772,-0.1412062336325033,0.2767498598298296,1.0,True,synthetic_placeholder,0.7993261873819565
0.1651896186494966,0.1975829586651647,0.259652155044951,0.12092486724291686,0.052777897168791575,0.10243409000853067,0.019019097291747424,0.013926241157732699,-0.08241804340861644,-0.07660542609108334,-0.06841232627776615,-0.044770170227039614,-0.06420533164797612,-0.034481194296558874,-0.0014279842034059646,-0.030247245612680187,-0.014239377195979579,0.007640337988388197,-4.051825604621569,376037.5412839421,0.016286620726200688,9.0,1.0,1.0,0.07339854186394465,0.20364153649730835,66.75922945063785,0.46574447625380583,0.01382190437890666,-0.1377059152568598,0.8519752113889457,0.549085815115775,True,synthetic_placeholder,0.8858335193219808
0.1793989544263936,0.20242471963952233,0.1757465342910777,0.14669391089935135,0.10968399005589359,0.09134807045544849,0.02931917160250845,0.0012817464161274088,-0.0667079944600312,-0.10119276841549214,-0.0812862267513818,-0.08050251915757438,-0.03268382416515216,-0.03967613996025015,-0.019850046846734557,-0.02777446572272614,-0.02680858929726678,0.008503542547327254,1.0035279159194044,3677231.1962548676,0.023943372439602803,9.0,1.0,1.0,0.06847298355066746,0.18890945118213562,58.25847285431179,1.0774898799966266,0.04231701728752595,-0.15022166942140186,0.6571494080372227,0.702716644057315,True,synthetic_placeholder,0.9170284885316454
0.15341124303332365,0.21481772250422998,0.1788425463700971,0.15383011428569585,0.11345490604539679,0.11214692333386514,0.0451876273891759,0.038809282917251574,-0.07616486548092778,-0.12265253580399219,-0.07097761659193438,-0.055258596891666914,-0.031244017197440917,-0.04541304641984283,0.005674815593613119,0.014287742753055093,-0.001420829486019784,0.016324997161615486,-0.3982840026328569,318079.11644457665,0.02797987696284161,9.0,1.0,1.0,0.017677533101189358,0.09607563667741767,27.112106462321044,0.9402434080817135,0.03388418964929324,-0.15578786245072557,0.7894150604535303,0.6809804666805385,True,synthetic_placeholder,0.9379159123470304
0.14993525434262966,0.17299245809525118,0.17220655635489096,0.10958205810463884,0.11723983044477869,0.03667368029314199,0.04170957546839284,-0.04145239053749002,-0.09680837098479768,-0.0837467650360273,-0.08314718481723006,-0.047138990844270486,-0.05642398293176095,-0.013902874577266107,-0.006873471055153007,-0.03320056861803174,0.009863901403802174,0.007124103148054224,8.59208884666579,141391.14896342822,0.09512479595600783,9.0,1.0,1.0,0.01332665412206552,0.16900732391184972,23.68634538169223,1.673581594961543,0.09125431180519113,-0.11983293267379368,0.4363264649502701,0.9524320037511474,True,synthetic_placeholder,0.8505686357011216
0.15238050691486635,0.19152411659327634,0.17352400782836938,0.09520885641584312,0.10271672697731161,0.0943716007175821,0.05620601013094007,0.00353542338905229,-0.15248100958502417,-0.09234459860924976,-0.08323120101102113,-0.03563898220301482,-0.03884806387385793,-0.03495595230765291,-0.042195968597399575,-0.006765273646120732,-0.007968326677515491,0.01060097645480456,-3.714274923815074,8428089.85016283,0.20172532379882768,9.0,1.0,1.0,0.0732429123131774,0.3086740651422017,56.29872767129602,0.20382190958554833,0.008081531904523535,-0.09153835921226106,0.838706628482837,0.5592745873602767,True,synthetic_placeholder,0.8707118446880132
0.16531757904578653,0.17034249295751397,0.19574469986529897,0.17604147094379888,0.08685111311248686,0.027554548326305498,0.04500010606512246,0.037694235602663294,-0.11167675763159625,-0.11205439352798736,-0.08240833371314493,-0.0388602553503163,-0.03814474860549645,-0.0459812530779867,-0.008454540154233737,-0.026961354002360265,0.003262370752786315,0.016174861265144943,1.5101478932076748,1202326.4747174485,0.2819070161707988,9.0,1.0,1.0,0.012580151081101647,0.15279535289122373,52.3077087662074,0.9208837276930216,0.03274121109125805,-0.12029477002477669,0.7207238576500405,0.7402723763637895,True,synthetic_placeholder,0.9029337741265129
0.11194690375687268,0.2034589009908045,0.23410967449202102,0.16051619023574223,0.1137614700230614,0.08005303193312666,0.06654747053236651,-0.0035291813451736507,-0.1315535524535126,-0.08011491226135896,-0.09100701905111425,-0.03772858124409695,-0.033779548874995624,-0.04112840488618524,-0.010613894279013764,0.020910299882784967,0.013645953640218714,0.016534199459340076,-7.860209717408457,3530112.8991243565,0.09351705457544127,9.0,1.0,1.0,0.06057650611348972,0.19127527773189226,61.81610477528801,0.11033442288863682,0.007817692570791996,-0.1474829392791206,1.0,0.43996310603235034,True,synthetic_placeholder,0.8438732455343243
0.15886655493907517,0.21018923272235343,0.16286676638774075,0.14646756050536988,0.052185937909240185,0.08894886659286584,0.06117428530499587,0.021091947552431458,-0.1037742715928522,-0.11122261442340178,-0.09322915465673072,-0.07626121996633087,-0.06361975829552442,-0.05084969375612393,-0.006552407004108425,0.01718911720031163,0.023847750865881052,0.013672762955491038,-1.700126893997564,1144051.606423489,0.09910986979931323,9.0,1.0,1.0,0.025001361264969095,0.327677567704005,18.781696657533658,0.3701896092879574,0.010622664704126513,-0.08240221038630458,0.830503033862449,0.6389956486740854,True,synthetic_placeholder,0.9155873357006022
0.18411057352870236,0.2405162771425811,0.1529226343029499,0.11717108359286947,0.07265484265211368,0.05938174571861135,0.014721251974790725,0.020926211929723486,-0.1072376709781286,-0.07426835455560614,-0.06183606180422652,-0.026320780147008255,-0.043726961847891016,-0.03198832744649809,-0.0065750778296170004,-0.003048463652138228,-0.024691217324352747,0.014196546411475268,2.1085315414949264,1671704.3045368432,0.2885687503831779,9.0,1.0,1.0,0.028894827730601112,0.10449644734221322,61.7007541691748,1.2011029199972016,0.051205008810848995,-0.1586196324927744,0.6723164967443014,0.7516980151526073,True,synthetic_placeholder,0.8913893612275525
0.16373157985002285,0.16377127200861566,0.1412455565956316,0.17029142767203584,0.0982780295511614,0.0643165543916359,0.040664239635075296,0.017940947103896324,-0.09395925859418927,-0.06406883087993538,-0.08858541921316009,-0.05566923804914356,-0.059624786284478135,-0.028188733202423433,-0.02846618409235836,-0.020150849064990494,0.012225083580758392,0.0019037236198907515,-5.457890319024213,116891.92238676832,0.2610819330617129,9.0,1.0,1.0,0.04429797167742218,0.2621624597779963,35.95752715952494,0.16466713902505262,0.008157931754737065,-0.11463503825375967,0.9518686552448352,0.5185441017583047,True,synthetic_placeholder,0.8560235120003599
0.1989028233895591,0.21405647570488087,0.16525730634115324,0.119411823569668,0.07283198028597261,0.03872171759471043,0.0750536410017586,-0.0029134808666104427,-0.10439429416725825,-0.09893106507970133,-0.07256847382683697,-0.04392328941438538,-0.06984724899019967,-0.004932828804803263,-0.05952714110696044,-5.0950959434497566e-05,-0.012425061603774976,0.010904607649771518,7.195838704877387,236367.28061509074,0.04438516192506712,9.0,1.0,1.0,0.07407713339386698,0.18482922704125018,26.40072870355326,1.8132518240160362,0.10637963328670309,-0.16249161621296168,0.40105075171410404,0.8862443077887748,True,synthetic_placeholder,0.8513799567405593
0.1295238551614588,0.17891288845356174,0.16029095764220774,0.148246290353995,0.07785043535536552,0.08336882667591677,0.04971317436503887,0.0516707379508739,-0.08579412045583802,-0.10301426050496561,-0.08458199336461825,-0.07563543978451535,-0.022104980944024175,-0.0884433518340197,-0.034424118723059664,-0.04373985253006191,-0.037681790435131396,0.01195939251296285,1.130182477276776,2235521.1903437315,0.2822221271472249,9.0,1.0,1.0,0.0001645474451695872,0.2819577322558853,30.594679749557724,0.49603757750649274,0.013750499662535939,-0.059863003748328966,0.7545458797411746,0.7338396553402354,True,synthetic_placeholder,0.9104265982789589
0.2341748269768381,0.2712226031282732,0.21377086607206913,0.11100749196808433,0.08989501517496169,0.07619115357528261,0.09170318759990784,0.03691550831492943,-0.09623206788731463,-0.06401562889233865,-0.05616845457218352,-0.04663697944823051,-0.035035472316112835,-0.04032123399553573,0.009368258366079974,0.007466282572343283,-0.01555963260177175,0.002822088300120993,9.407054513829733,1383978.029840924,0.2909378880223484,9.0,1.0,1.0,0.012982986752185594,0.1450955247442511,69.61023424076464,1.9046168884955899,0.11600100667027338,-0.12376940950483244,0.4042433393185323,0.9770184407140178,True,synthetic_placeholder,0.8229407700338122
0.2100843101150697,0.19565120295970498,0.19475711240776666,0.15795480639925577,0.08859228761342273,0.0894331990913587,0.06677026484315657,0.016040856631104602,-0.11688611513341292,-0.115591293494077,-0.09257351828240183,-0.03836373988374855,-0.014982793363458709,0.00731591027306484,-0.030508450234658136,-0.012197129977598075,0.012798412701578547,0.01776677354995906,7.692784265641465,207543.94519958014,0.062239024248487054,9.0,1.0,1.0,0.05761694229279591,0.20355475675966003,67.36192750117972,1.7752430748580394,0.10178804674741382,-0.13791795202846904,0.40586321593514757,0.9077367510521256,True,synthetic_placeholder,0.8495631722308978
0.20545366335297058,0.2411988677580028,0.1816574984619203,0.14000805444441808,0.09225956762433901,0.054517263574350695,0.04390377866614177,0.00970432870432084,-0.0723459174694691,-0.0855988969011608,-0.06471557607002339,-0.08641894591502593,-0.04738784014951396,-0.0253157796481667,-0.022078323412079853,-0.013274613392900588,0.00612518555923876,0.013513566446811606,2.3494419706577485,8017861.268243905,0.21943179950039374,9.0,1.0,1.0,0.031557322353959666,0.14785150196847627,15.024762128807257,1.2996606084784574,0.05847381086711837,-0.16425256674247546,0.6586863376427506,0.7578603301781485,True,synthetic_placeholder,0.8950952036371952
0.1722004835399919,0.1806627181459919,0.14159879750105897,0.11656889770684238,0.10822493574892703,0.04042154065182949,0.023800652660734556,0.061054003173751946,-0.13264680082684008,-0.057377916599017594,-0.07702029403447157,-0.0890661158222984,-0.01838492795536786,-0.023551320137061182,-0.0005235588394660065,-0.008683242909360582,-0.021931667272878676,0.002062943876123844,12.815692135412782,203566.94781957907,0.06886026763743328,9.0,1.0,1.0,0.023024833591743815,0.3071677569449477,28.911308063025366,2.0080596680886367,0.12765171701500402,-0.08863380109529133,0.25283506419587304,1.0,True,synthetic_placeholder,0.8080496018046057
0.20816289411192979,0.18266459869088428,0.1950844856693827,0.12374285138732133,0.14068972916493735,0.05535765761656109,0.042042917509022164,0.054620215406243476,-0.11545930691164817,-0.10494700145820515,-0.07287937418468687,-0.04423616762970764,-0.02991753032795246,-0.011783865831662167,0.009398317164833673,0.0011125669776245884,0.03208404796574921,0.0024346033476970665,7.171242820004009,1048591.9020700091,0.08522244920982888,9.0,1.0,1.0,0.07703165265020331,0.32274172469074786,53.17474147938809,1.4808066360366527,0.07240579139728327,-0.09422377300801998,0.3976028082245347,0.8843246235400389,True,synthetic_placeholder,0.8466558310839161
0.15930308101284246,0.23261335519096632,0.15956371651071405,0.1459548936217591,0.09260963267886001,0.06778737408491112,0.0440022575007216,0.01814139019853741,-0.07951773135689814,-0.06741047762293959,-0.07366752927544183,-0.06100009020188996,-0.04813783061497467,-0.04847064886587328,-0.04552344816278921,0.021911958816638842,0.008039054720806243,0.0020713169427196143,11.446584450551178,194091.15750006336,0.1729020143650247,9.0,1.0,1.0,0.021122273865942374,0.23218281083330936,12.119507896497339,2.032792000741219,0.13106766741313258,-0.11515783505469016,0.31045321117903935,1.0,True,synthetic_placeholder,0.811907271898203
0.15456666477190992,0.22166449558521342,0.19801348322371937,0.1722459131058285,0.1346237039207322,0.0364008043431199,0.0721377821637142,0.05244336684451243,-0.09958077139401335,-0.1002635606256567,-0.04771397527490046,-0.03981296256520855,-0.03801895618678141,-0.004070723036007481,-0.017956836370725475,0.003072438333007349,-0.0013828902141288723,0.0028963958383851217,0.20307337456271224,2721093.4204452625,0.18277700978278294,9.0,1.0,1.0,0.0571333566294711,0.3439264756681026,12.155419266229776,0.7030203718767714,0.021434195615787605,-0.08967868149128638,0.7061770300732849,0.6832388585850929,True,synthetic_placeholder,0.9125515582872532
0.16669392016106008,0.2259351151467492,0.21670577928988616,0.1265291124123655,0.06553101626941367,0.061011586844749784,0.10981767661030864,0.025906511320007448,-0.06265727394347105,-0.06786906042003,-0.08448674674533874,-0.04510928925572281,-0.015315132642101808,-0.026264744773546247,-0.022225981518395013,0.033688631803005395,-0.010839185460583642,0.0117948830757304,5.048062952042935,356965.32224737236,0.16766173038936555,9.0,1.0,1.0,0.07713805352740441,0.2642578182105115,12.693417605309943,1.4439940754543492,0.0697510935000394,-0.12264426112716342,0.482370401627176,0.8205866671503262,True,synthetic_placeholder,0.8596117813824128
0.14964476370638832,0.19367631818982506,0.15514869463508363,0.13001798510458265,0.10237860296392087,0.005960074876453366,0.04901001953698462,0.05536674092578577,-0.10468592785101516,-0.11509465491454571,-0.07575747328867428,-0.012746504193416077,-0.025799190798891695,-0.004119653262429416,-0.05651035593340633,-0.014073529767894112,0.008329765510021273,0.0019509240291299013,-3.2888747572459183,185467.55649443495,0.18939936865647303,9.0,1.0,1.0,0.06102128449971501,0.29573565822983383,62.10668999547108,0.2869984961120853,0.009405419157491861,-0.09557745296240452,0.8400230635402642,0.5769252434827364,True,synthetic_placeholder,0.879864930211979
0.17506577986633742,0.1904326269273758,0.20733976114787078,0.10833403434851316,0.06885274547228566,0.03523659843258688,0.03606555107835856,0.029850674440430026,-0.07376316776254935,-0.09585425160215656,-0.051363705974418424,-0.04808747394351973,-0.029621672560989853,0.01111201188326273,-0.022528829343649807,-0.01178465723480731,-0.007755147717339862,0.008175596456699973,15.90738856284707,123587.44712017625,0.07460763674890836,9.0,1.0,1.0,0.05675312287364094,0.316310607955816,30.023946379659098,2.420429143842494,0.18260469040905666,-0.09533528201589622,0.07857477317565587,1.0,True,synthetic_placeholder,0.7664394138345462
0.17773567639850324,0.21374440558245236,0.2007686799990613,0.15241463168178793,0.07978365483646846,0.06329780777159173,0.07120617988026069,-0.00616716483059069,-0.09525228701708952,-0.08297541098031537,-0.11128788706959936,-0.032734884243520106,-0.0327433880941149,-0.025625494909732923,0.00012695838153564318,-0.010211488006517338,0.02264741675998337,0.005773226088804551,-2.162828856648149,223702.62268968468,0.27250312884476924,9.0,1.0,1.0,0.05785653702141521,0.11700984376515847,29.12438996629071,0.9494267793530753,0.03534527751067671,-0.1928502453378424,0.7997283487338032,0.6119725194919894,True,synthetic_placeholder,0.883764437442617
0.1736644073878515,0.18956815465837917,0.1754977835259753,0.1131082877067021,0.06626666243531723,0.13389909949373727,0.0636475271271917,0.002184569125565648,-0.07312826681093217,-0.08597163374868859,-0.06284095098227574,-0.07499101977225567,-0.04283112833976426,-0.014849056634168169,-0.03121438004836823,-0.015522873295832096,0.006252154965114569,0.013071165963450227,-1.8351807865495342,241878.59287909916,0.09724694421001291,9.0,1.0,1.0,0.06441808854647565,0.34573693770147484,57.60062926300904,0.38836085786959,0.011045985362401393,-0.08308847396679692,0.7767800986422679,0.6191773409849236,True,synthetic_placeholder,0.9025980711495606
0.1785258755889628,0.2169177128823324,0.17140847552795788,0.15541308914882984,0.08461788266724637,0.06103677125450646,0.037880781103965026,0.008562612231072804,-0.0983958364020767,-0.06511833849549262,-0.062162937311400566,-0.03931649980383568,-0.031342967082715924,-0.004388257872520445,0.018374033778520853,0.000912817878035036,0.012272728908503708,0.014246683133904512,-6.243438262616817,1185616.2938107639,0.3194391514016886,9.0,1.0,1.0,0.021697091913593838,0.15493248746970073,29.11397748859613,0.31780039873479504,0.010992274325724536,-0.1529669562835258,1.0,0.5040180153560578,False,synthetic_placeholder,0.2491125746595848
0.11867943773439557,0.2005288021007455,0.186540550393208,0.15190491171237389,0.07515037479254122,0.0786061841399011,0.04539251467225556,-0.024220446785164617,-0.08875565643691528,-0.07579847922367758,-0.11752047925828508,-0.05949665709897113,-0.02916669925716239,-0.007464281399799629,-0.018980664058727052,0.016925204585171345,-0.0061158312622759895,0.012767202199695946,-1.812725144078322,798137.6029075242,0.18030435625635635,9.0,1.0,1.0,0.05013493801427398,0.1891080140210725,54.30585133571342,0.7523551291733506,0.024722354893430776,-0.14903020986771753,0.7973065987417219,0.6255642704719406,True,synthetic_placeholder,0.8988018315292989
0.12495161736351855,0.2119117646158987,0.15614536659577713,0.16505515819607988,0.15350928240827166,0.055431827350848596,0.022765131089733975,0.019707596872893585,-0.11039798222912649,-0.09114489845062605,-0.043985991824936614,-0.08467596837964501,-0.03928880886482074,-0.025706453742984036,-0.014603799669010575,-0.013507253987172693,-0.02949968541394602,0.011908176741341592,10.315084781057276,8214643.762664101,0.10628941853060467,9.0,1.0,1.0,0.06423087152348536,0.08770359413215899,32.160443704193206,2.294010161799153,0.16595775295207754,-0.19671303408517332,0.29105030147248095,0.9837601948223241,True,synthetic_placeholder,0.816950948879321
0.1968686669221343,0.17160501965975505,0.21113679156521156,0.1647805394403228,0.11652766195854287,0.05650397549440824,0.06290755239610066,0.04143032150076207,-0.08489116003113194,-0.10931610708295528,-0.10437467557842084,-0.048406152550706565,-0.06188341192562581,-0.015604102873996545,-0.012704921696447904,-0.01687850689800005,0.010519773239829793,0.011124001222620637,8.749445696393952,8096599.805632295,0.061034365877905054,9.0,1.0,1.0,0.07105837130374659,0.29287321120105825,27.851158802749914,1.718723242616619,0.09543191819061185,-0.10684367692576945,0.34343461518862206,0.9340600223703199,True,synthetic_placeholder,0.8350845950571459
0.14997572754287636,0.25225460748354733,0.17248681668171742,0.14922964935539093,0.08689611408401517,0.0796224192884045,0.06900206043980363,-0.0001842164497387268,-0.10510285551007355,-0.09022771234100445,-0.0693193564901349,-0.07097146594856078,-0.042580393533563944,-0.0520568601196799,-0.018962095581960228,-0.041866360491094046,-0.020143659495836852,0.015351924575099977,-4.9118429043879335,3918250.7097828505,0.16982138684561057,9.0,1.0,1.0,0.07246673225664466,0.1378072405411809,33.233590857720245,0.5986928797951123,0.018798142197648384,-0.18585449808120347,0.8877736177905504,0.523658019965704,True,synthetic_placeholder,0.8621594125945662
0.13861435330927083,0.18875036283412408,0.1473488496768087,0.1210356818189688,0.09683792486923588,0.06839606493366837,0.07226822407563047,-0.005369958778715158,-0.09949727382784472,-0.0977339886619865,-0.036856153540918875,-0.033055443842142346,-0.04177869207536827,-0.004874779433620532,-0.008200597722887643,-0.02685074787282794,-0.0021239220104966312,0.010025535243340756,1.0297240342742615,2203815.6761713834,0.1317040550529733,9.0,1.0,1.0,0.07231171148699968,0.25059022255514696,20.082234556408466,0.9554646521419691,0.03478375510443872,-0.12517074240097484,0.65034347139853,0.7019670364334278,True,synthetic_placeholder,0.9048388407058601
0.1888177100881891,0.1873108136778444,0.21412642587944875,0.2031924623916874,0.10758599339587951,0.1118547762862521,0.026744860214024137,-0.01998516271980285,-0.14741352994573376,-0.06685040045832574,-0.07126532144676839,-0.09816696020551892,-0.026395196325718757,-0.0059005516944620915,-0.027846540884159804,0.011574226492246455,-0.00028338015459487874,0.004281912729892006,2.10211347081911,4898309.055123788,0.21808282675267643,9.0,1.0,1.0,0.007810703957189817,0.09987379035785998,14.500668778442808,0.9773266556992393,0.03559400607897772,-0.11484974187463245,0.7041994052314509,0.7599391225416974,True,synthetic_placeholder,0.9048273714293842
0.1482400371000125,0.1605227515633286,0.15613126694748147,0.13399453239466935,0.12875258613069715,0.08749647780740476,0.05159409602298449,0.009406598254154677,-0.1336204192180953,-0.09363978247299676,-0.0785804566546537,-0.04366870394161079,-0.03135666365152566,-0.019891854908416808,-0.0032436171292335282,-0.01743995005863372,-0.015581498944119337,0.002188215142406791,7.959621912687058,7542297.467830376,0.17446085391803245,9.0,1.0,1.0,0.030112486990230513,0.14243617937764144,62.27208679022491,1.8013906321706865,0.10494702440639649,-0.15002129349562476,0.436446393007172,0.9267436625845195,True,synthetic_placeholder,0.843923949384257
0.16195219199446692,0.2008316163911549,0.18344166825762437,0.14640528023417948,0.10928870310446098,0.06705965119651824,-0.008116407388305096,-0.00788097577760082,-0.06982340463989416,-0.09619876570421605,-0.06353263257919467,-0.05949299938756004,-0.044348814662308646,-0.01272979359141361,-0.005522701550057185,0.02240286379091213,0.017732564118293225,0.012000964400605165,2.9422951130499726,110977.63302554804,0.012935894300243866,9.0,1.0,1.0,0.036511366679233534,0.15295823561053015,62.10299078587309,1.3008054895379206,0.05839418492220917,-0.1541362821512659,0.6275411454591509,0.7736643067198057,True,synthetic_placeholder,0.9083300494357058
